combo,count
bbb,129
bbc,216
bbd,291
bbf,22
bbg,181
bbh,217
bbj,3
bbk,93
bbl,1081
bbm,115
bbn,546
bbp,74
bbq,3
bbr,668
bbs,443
bbt,448
bbv,15
bbw,33
bbx,5
bbz,43
bcb,145
bcc,574
bcd,564
bcf,102
bcg,235
bch,1247
bcj,10
bck,814
bcl,1579
bcm,404
bcn,1109
bcp,313
bcq,2
bcr,1216
bcs,944
bct,1610
bcv,120
bcw,84
bcx,11
bcz,40
bdb,111
bdc,327
bdd,441
bdf,46
bdg,363
bdh,207
bdj,3
bdk,90
bdl,761
bdm,422
bdn,986
bdp,108
bdq,10
bdr,726
bds,685
bdt,605
bdv,38
bdw,88
bdx,20
bdz,59
bfb,20
bfc,167
bfd,122
bff,104
bfg,62
bfh,64
bfj,0
bfk,10
bfl,386
bfm,157
bfn,208
bfp,11
bfq,2
bfr,397
bfs,213
bft,227
bfv,13
bfw,37
bfx,6
bfz,3
bgb,64
bgc,205
bgd,205
bgf,13
bgg,242
bgh,296
bgj,0
bgk,24
bgl,617
bgm,168
bgn,597
bgp,107
bgq,0
bgr,512
bgs,384
bgt,530
bgv,19
bgw,44
bgx,3
bgz,12
bhb,97
bhc,380
bhd,526
bhf,63
bhg,212
bhh,221
bhj,1
bhk,84
bhl,728
bhm,350
bhn,689
bhp,304
bhq,2
bhr,810
bhs,560
bht,717
bhv,41
bhw,49
bhx,11
bhz,33
bjb,19
bjc,137
bjd,26
bjf,5
bjg,30
bjh,3
bjj,0
bjk,10
bjl,53
bjm,13
bjn,82
bjp,3
bjq,0
bjr,42
bjs,36
bjt,161
bjv,44
bjw,7
bjx,2
bjz,8
bkb,80
bkc,58
bkd,205
bkf,51
bkg,172
bkh,137
bkj,5
bkk,65
bkl,241
bkm,96
bkn,382
bkp,78
bkq,0
bkr,405
bks,251
bkt,248
bkv,10
bkw,80
bkx,1
bkz,4
blb,325
blc,1198
bld,1260
blf,227
blg,879
blh,694
blj,10
blk,506
bll,2046
blm,925
bln,3050
blp,360
blq,35
blr,1807
bls,3024
blt,3372
blv,155
blw,255
blx,20
blz,232
bmb,194
bmc,317
bmd,254
bmf,26
bmg,189
bmh,158
bmj,1
bmk,119
bml,448
bmm,166
bmn,1083
bmp,133
bmq,0
bmr,544
bms,481
bmt,852
bmv,14
bmw,16
bmx,13
bmz,51
bnb,142
bnc,1332
bnd,1271
bnf,149
bng,1419
bnh,803
bnj,19
bnk,236
bnl,1414
bnm,441
bnn,1229
bnp,168
bnq,27
bnr,938
bns,2518
bnt,2226
bnv,96
bnw,85
bnx,38
bnz,339
bpb,34
bpc,299
bpd,166
bpf,45
bpg,91
bph,495
bpj,1
bpk,27
bpl,494
bpm,128
bpn,377
bpp,89
bpq,1
bpr,509
bps,377
bpt,529
bpv,17
bpw,9
bpx,4
bpz,33
bqb,3
bqc,10
bqd,11
bqf,1
bqg,4
bqh,7
bqj,0
bqk,0
bql,41
bqm,5
bqn,48
bqp,1
bqq,1
bqr,30
bqs,38
bqt,71
bqv,1
bqw,0
bqx,2
bqz,2
brb,508
brc,2038
brd,2133
brf,255
brg,1069
brh,1507
brj,12
brk,562
brl,2275
brm,1211
brn,3253
brp,581
brq,35
brr,1915
brs,2236
brt,3004
brv,269
brw,290
brx,40
brz,234
bsb,157
bsc,963
bsd,536
bsf,97
bsg,265
bsh,1110
bsj,4
bsk,208
bsl,1119
bsm,941
bsn,1334
bsp,481
bsq,65
bsr,1122
bss,2622
bst,2494
bsv,186
bsw,108
bsx,22
bsz,30
btb,214
btc,1136
btd,787
btf,135
btg,390
bth,965
btj,7
btk,177
btl,1664
btm,603
btn,2280
btp,258
btq,9
btr,2163
bts,1233
btt,1618
btv,241
btw,126
btx,33
btz,132
bvb,30
bvc,67
bvd,84
bvf,9
bvg,39
bvh,8
bvj,2
bvk,7
bvl,244
bvm,25
bvn,238
bvp,8
bvq,2
bvr,200
bvs,153
bvt,219
bvv,20
bvw,1
bvx,3
bvz,14
bwb,30
bwc,47
bwd,240
bwf,17
bwg,91
bwh,83
bwj,0
bwk,93
bwl,150
bwm,83
bwn,229
bwp,26
bwq,0
bwr,315
bws,166
bwt,155
bwv,2
bww,12
bwx,4
bwz,9
bxb,5
bxc,22
bxd,16
bxf,2
bxg,8
bxh,10
bxj,0
bxk,5
bxl,68
bxm,21
bxn,42
bxp,4
bxq,0
bxr,37
bxs,29
bxt,45
bxv,0
bxw,3
bxx,0
bxz,7
bzb,11
bzc,46
bzd,100
bzf,16
bzg,23
bzh,46
bzj,0
bzk,6
bzl,156
bzm,40
bzn,303
bzp,34
bzq,7
bzr,118
bzs,18
bzt,172
bzv,2
bzw,4
bzx,18
bzz,82
cbb,211
cbc,450
cbd,391
cbf,45
cbg,166
cbh,186
cbj,3
cbk,104
cbl,3051
cbm,258
cbn,1068
cbp,54
cbq,1
cbr,1012
cbs,810
cbt,1174
cbv,32
cbw,40
cbx,44
cbz,68
ccb,477
ccc,1475
ccd,1126
ccf,212
ccg,463
cch,1771
ccj,12
cck,600
ccl,4347
ccm,1327
ccn,2941
ccp,1027
ccq,13
ccr,2466
ccs,2627
cct,3892
ccv,359
ccw,98
ccx,53
ccz,161
cdb,182
cdc,918
cdd,630
cdf,83
cdg,347
cdh,250
cdj,21
cdk,46
cdl,1625
cdm,784
cdn,1994
cdp,225
cdq,4
cdr,1379
cds,1406
cdt,1511
cdv,101
cdw,50
cdx,28
cdz,60
cfb,96
cfc,377
cfd,269
cff,219
cfg,143
cfh,79
cfj,0
cfk,26
cfl,763
cfm,481
cfn,579
cfp,18
cfq,1
cfr,1001
cfs,514
cft,721
cfv,27
cfw,59
cfx,21
cfz,13
cgb,144
cgc,661
cgd,214
cgf,24
cgg,202
cgh,575
cgj,0
cgk,14
cgl,1237
cgm,302
cgn,1225
cgp,463
cgq,2
cgr,1066
cgs,832
cgt,895
cgv,56
cgw,22
cgx,0
cgz,73
chb,665
chc,3203
chd,2233
chf,369
chg,1475
chh,1491
chj,4
chk,474
chl,4871
chm,2803
chn,4343
chp,1765
chq,32
chr,5362
chs,4133
cht,4079
chv,170
chw,254
chx,109
chz,367
cjb,10
cjc,67
cjd,13
cjf,3
cjg,41
cjh,4
cjj,1
cjk,5
cjl,43
cjm,15
cjn,77
cjp,10
cjq,0
cjr,55
cjs,17
cjt,105
cjv,20
cjw,3
cjx,1
cjz,0
ckb,220
ckc,168
ckd,545
ckf,127
ckg,408
ckh,281
ckj,13
ckk,195
ckl,790
ckm,240
ckn,916
ckp,134
ckq,1
ckr,894
cks,694
ckt,561
ckv,16
ckw,218
ckx,6
ckz,11
clb,709
clc,2887
cld,2102
clf,381
clg,1659
clh,1072
clj,8
clk,449
cll,5459
clm,2074
cln,4621
clp,1095
clq,56
clr,4343
cls,5302
clt,5852
clv,453
clw,191
clx,131
clz,545
cmb,799
cmc,1612
cmd,772
cmf,136
cmg,629
cmh,612
cmj,4
cmk,168
cml,2087
cmm,1035
cmn,3350
cmp,1613
cmq,3
cmr,2246
cms,2005
cmt,3515
cmv,185
cmw,32
cmx,81
cmz,138
cnb,904
cnc,4332
cnd,2970
cnf,684
cng,2852
cnh,1158
cnj,110
cnk,254
cnl,4953
cnm,1810
cnn,4527
cnp,933
cnq,82
cnr,4566
cns,6125
cnt,8144
cnv,858
cnw,147
cnx,98
cnz,438
cpb,388
cpc,1637
cpd,976
cpf,146
cpg,609
cph,2487
cpj,3
cpk,51
cpl,3241
cpm,679
cpn,2291
cpp,522
cpq,3
cpr,2456
cps,2463
cpt,3302
cpv,231
cpw,35
cpx,88
cpz,89
cqb,14
cqc,39
cqd,25
cqf,2
cqg,6
cqh,12
cqj,1
cqk,3
cql,72
cqm,15
cqn,113
cqp,5
cqq,0
cqr,57
cqs,81
cqt,135
cqv,7
cqw,1
cqx,0
cqz,4
crb,1685
crc,5072
crd,3398
crf,760
crg,1914
crh,2330
crj,25
crk,526
crl,5885
crm,3876
crn,6776
crp,3279
crq,49
crr,4255
crs,6282
crt,8013
crv,811
crw,405
crx,205
crz,507
csb,456
csc,2054
csd,865
csf,152
csg,514
csh,1202
csj,6
csk,139
csl,2664
csm,2168
csn,2910
csp,1216
csq,51
csr,2056
css,5091
cst,5283
csv,379
csw,99
csx,33
csz,86
ctb,1024
ctc,4381
ctd,2484
ctf,450
ctg,1451
cth,2477
ctj,8
ctk,195
ctl,6318
ctm,2413
ctn,7869
ctp,1563
ctq,37
ctr,7476
cts,5004
ctt,4907
ctv,1442
ctw,148
ctx,178
ctz,510
cvb,152
cvc,308
cvd,161
cvf,9
cvg,109
cvh,42
cvj,1
cvk,14
cvl,920
cvm,103
cvn,827
cvp,23
cvq,2
cvr,644
cvs,620
cvt,745
cvv,58
cvw,5
cvx,18
cvz,59
cwb,43
cwc,34
cwd,294
cwf,16
cwg,89
cwh,79
cwj,0
cwk,119
cwl,145
cwm,84
cwn,214
cwp,28
cwq,2
cwr,355
cws,200
cwt,137
cwv,5
cww,12
cwx,3
cwz,7
cxb,19
cxc,55
cxd,32
cxf,3
cxg,12
cxh,20
cxj,0
cxk,1
cxl,94
cxm,34
cxn,103
cxp,18
cxq,0
cxr,43
cxs,76
cxt,85
cxv,8
cxw,1
cxx,1
cxz,2
czb,54
czc,69
czd,107
czf,1
czg,47
czh,36
czj,0
czk,2
czl,119
czm,50
czn,465
czp,29
czq,0
czr,144
czs,66
czt,375
czv,2
czw,3
czx,1
czz,9
dbb,117
dbc,220
dbd,276
dbf,24
dbg,118
dbh,139
dbj,1
dbk,74
dbl,1935
dbm,129
dbn,660
dbp,21
dbq,0
dbr,632
dbs,450
dbt,751
dbv,27
dbw,17
dbx,24
dbz,60
dcb,440
dcc,812
dcd,746
dcf,125
dcg,273
dch,852
dcj,3
dck,310
dcl,2745
dcm,799
dcn,2193
dcp,567
dcq,2
dcr,1908
dcs,1608
dct,3362
dcv,363
dcw,23
dcx,25
dcz,144
ddb,127
ddc,457
ddd,409
ddf,67
ddg,340
ddh,220
ddj,4
ddk,69
ddl,1112
ddm,383
ddn,1266
ddp,104
ddq,0
ddr,789
dds,820
ddt,707
ddv,57
ddw,53
ddx,14
ddz,66
dfb,116
dfc,320
dfd,204
dff,211
dfg,89
dfh,98
dfj,0
dfk,14
dfl,671
dfm,212
dfn,603
dfp,16
dfq,2
dfr,601
dfs,408
dft,633
dfv,45
dfw,49
dfx,15
dfz,18
dgb,143
dgc,365
dgd,340
dgf,71
dgg,294
dgh,471
dgj,0
dgk,42
dgl,1025
dgm,336
dgn,1166
dgp,244
dgq,1
dgr,923
dgs,808
dgt,999
dgv,56
dgw,45
dgx,2
dgz,60
dhb,131
dhc,511
dhd,584
dhf,42
dhg,203
dhh,206
dhj,2
dhk,54
dhl,756
dhm,446
dhn,807
dhp,387
dhq,2
dhr,991
dhs,771
dht,796
dhv,28
dhw,39
dhx,40
dhz,68
djb,15
djc,74
djd,37
djf,1
djg,20
djh,6
djj,3
djk,6
djl,37
djm,26
djn,106
djp,4
djq,0
djr,55
djs,50
djt,148
djv,28
djw,2
djx,1
djz,1
dkb,19
dkc,24
dkd,62
dkf,9
dkg,75
dkh,45
dkj,2
dkk,19
dkl,78
dkm,33
dkn,237
dkp,28
dkq,0
dkr,165
dks,99
dkt,91
dkv,3
dkw,11
dkx,0
dkz,5
dlb,290
dlc,1027
dld,768
dlf,121
dlg,830
dlh,508
dlj,1
dlk,308
dll,1741
dlm,732
dln,2062
dlp,384
dlq,27
dlr,1320
dls,2119
dlt,2377
dlv,152
dlw,112
dlx,43
dlz,339
dmb,314
dmc,967
dmd,466
dmf,75
dmg,361
dmh,402
dmj,4
dmk,137
dml,1103
dmm,437
dmn,2347
dmp,436
dmq,5
dmr,1292
dms,1292
dmt,2308
dmv,98
dmw,21
dmx,31
dmz,149
dnb,319
dnc,1666
dnd,1227
dnf,148
dng,2121
dnh,560
dnj,8
dnk,148
dnl,2286
dnm,864
dnn,1903
dnp,271
dnq,21
dnr,1500
dns,3795
dnt,4308
dnv,158
dnw,53
dnx,32
dnz,272
dpb,203
dpc,779
dpd,485
dpf,92
dpg,274
dph,1194
dpj,1
dpk,26
dpl,1295
dpm,428
dpn,1180
dpp,320
dpq,3
dpr,1327
dps,1140
dpt,1605
dpv,132
dpw,14
dpx,37
dpz,82
dqb,4
dqc,20
dqd,8
dqf,6
dqg,3
dqh,1
dqj,0
dqk,1
dql,33
dqm,11
dqn,59
dqp,3
dqq,0
dqr,24
dqs,26
dqt,76
dqv,10
dqw,0
dqx,1
dqz,2
drb,792
drc,2202
drd,1663
drf,464
drg,1272
drh,1257
drj,18
drk,358
drl,2873
drm,2231
drn,3780
drp,1353
drq,23
drr,2023
drs,3280
drt,4101
drv,480
drw,301
drx,119
drz,322
dsb,694
dsc,1926
dsd,947
dsf,248
dsg,655
dsh,1277
dsj,32
dsk,193
dsl,2181
dsm,1721
dsn,2892
dsp,1373
dsq,67
dsr,2389
dss,4189
dst,3962
dsv,417
dsw,110
dsx,48
dsz,133
dtb,468
dtc,1669
dtd,1052
dtf,156
dtg,569
dth,1009
dtj,2
dtk,91
dtl,2666
dtm,957
dtn,3471
dtp,403
dtq,7
dtr,3007
dts,2095
dtt,2003
dtv,502
dtw,47
dtx,73
dtz,229
dvb,124
dvc,189
dvd,196
dvf,29
dvg,133
dvh,29
dvj,0
dvk,15
dvl,638
dvm,97
dvn,607
dvp,52
dvq,0
dvr,474
dvs,479
dvt,544
dvv,46
dvw,21
dvx,1
dvz,38
dwb,39
dwc,44
dwd,249
dwf,40
dwg,109
dwh,116
dwj,0
dwk,91
dwl,187
dwm,85
dwn,378
dwp,46
dwq,0
dwr,406
dws,219
dwt,209
dwv,5
dww,32
dwx,6
dwz,0
dxb,8
dxc,77
dxd,44
dxf,2
dxg,25
dxh,18
dxj,0
dxk,1
dxl,106
dxm,31
dxn,114
dxp,19
dxq,1
dxr,122
dxs,91
dxt,147
dxv,2
dxw,0
dxx,1
dxz,21
dzb,32
dzc,20
dzd,59
dzf,3
dzg,19
dzh,8
dzj,0
dzk,5
dzl,91
dzm,26
dzn,321
dzp,5
dzq,0
dzr,70
dzs,17
dzt,249
dzv,1
dzw,0
dzx,4
dzz,46
fbb,34
fbc,107
fbd,140
fbf,15
fbg,56
fbh,42
fbj,2
fbk,31
fbl,978
fbm,90
fbn,275
fbp,13
fbq,0
fbr,411
fbs,238
fbt,294
fbv,4
fbw,19
fbx,8
fbz,9
fcb,119
fcc,236
fcd,321
fcf,67
fcg,125
fch,226
fcj,0
fck,184
fcl,965
fcm,155
fcn,1313
fcp,65
fcq,1
fcr,554
fcs,590
fct,1885
fcv,135
fcw,12
fcx,6
fcz,43
fdb,55
fdc,97
fdd,179
fdf,26
fdg,134
fdh,49
fdj,5
fdk,25
fdl,450
fdm,160
fdn,467
fdp,35
fdq,0
fdr,287
fds,373
fdt,284
fdv,18
fdw,23
fdx,8
fdz,23
ffb,95
ffc,435
ffd,254
fff,54
ffg,179
ffh,104
ffj,0
ffk,39
ffl,732
ffm,183
ffn,736
ffp,25
ffq,5
ffr,630
ffs,413
fft,607
ffv,86
ffw,46
ffx,20
ffz,12
fgb,79
fgc,68
fgd,149
fgf,54
fgg,136
fgh,212
fgj,0
fgk,16
fgl,534
fgm,91
fgn,455
fgp,30
fgq,0
fgr,381
fgs,281
fgt,542
fgv,50
fgw,23
fgx,0
fgz,9
fhb,54
fhc,51
fhd,272
fhf,57
fhg,120
fhh,77
fhj,0
fhk,35
fhl,262
fhm,92
fhn,333
fhp,115
fhq,0
fhr,349
fhs,202
fht,319
fhv,1
fhw,34
fhx,2
fhz,9
fjb,0
fjc,2
fjd,9
fjf,0
fjg,6
fjh,0
fjj,0
fjk,3
fjl,6
fjm,1
fjn,8
fjp,0
fjq,0
fjr,8
fjs,8
fjt,5
fjv,0
fjw,0
fjx,0
fjz,0
fkb,9
fkc,7
fkd,51
fkf,10
fkg,52
fkh,17
fkj,0
fkk,4
fkl,94
fkm,23
fkn,128
fkp,6
fkq,1
fkr,102
fks,68
fkt,43
fkv,0
fkw,20
fkx,0
fkz,4
flb,243
flc,714
fld,796
flf,162
flg,649
flh,317
flj,4
flk,333
fll,1567
flm,463
fln,1745
flp,157
flq,8
flr,1337
fls,1594
flt,1665
flv,136
flw,371
flx,160
flz,112
fmb,142
fmc,121
fmd,173
fmf,22
fmg,126
fmh,71
fmj,0
fmk,43
fml,454
fmm,115
fmn,808
fmp,48
fmq,1
fmr,382
fms,367
fmt,711
fmv,38
fmw,13
fmx,12
fmz,47
fnb,147
fnc,639
fnd,691
fnf,77
fng,1144
fnh,227
fnj,2
fnk,139
fnl,1089
fnm,235
fnn,781
fnp,66
fnq,5
fnr,484
fns,1624
fnt,1530
fnv,60
fnw,47
fnx,8
fnz,81
fpb,3
fpc,55
fpd,48
fpf,41
fpg,25
fph,57
fpj,2
fpk,14
fpl,85
fpm,29
fpn,106
fpp,58
fpq,0
fpr,159
fps,87
fpt,97
fpv,4
fpw,4
fpx,2
fpz,2
fqb,1
fqc,7
fqd,3
fqf,0
fqg,1
fqh,0
fqj,0
fqk,0
fql,9
fqm,1
fqn,30
fqp,0
fqq,0
fqr,6
fqs,7
fqt,23
fqv,1
fqw,0
fqx,2
fqz,0
frb,481
frc,1072
frd,1170
frf,318
frg,887
frh,615
frj,12
frk,297
frl,1768
frm,2024
frn,2361
frp,300
frq,34
frr,1346
frs,2155
frt,2426
frv,215
frw,261
frx,25
frz,177
fsb,134
fsc,388
fsd,253
fsf,76
fsg,148
fsh,828
fsj,0
fsk,90
fsl,696
fsm,346
fsn,815
fsp,179
fsq,13
fsr,441
fss,1625
fst,1125
fsv,76
fsw,42
fsx,3
fsz,25
ftb,224
ftc,325
ftd,605
ftf,170
ftg,406
fth,472
ftj,0
ftk,96
ftl,1247
ftm,303
ftn,2000
ftp,111
ftq,3
ftr,1369
fts,922
ftt,948
ftv,243
ftw,120
ftx,10
ftz,75
fvb,23
fvc,44
fvd,39
fvf,6
fvg,24
fvh,13
fvj,0
fvk,1
fvl,150
fvm,20
fvn,133
fvp,9
fvq,0
fvr,119
fvs,144
fvt,77
fvv,3
fvw,7
fvx,0
fvz,2
fwb,7
fwc,8
fwd,136
fwf,11
fwg,55
fwh,34
fwj,0
fwk,51
fwl,102
fwm,35
fwn,128
fwp,13
fwq,0
fwr,370
fws,108
fwt,65
fwv,0
fww,2
fwx,2
fwz,7
fxb,33
fxc,8
fxd,41
fxf,6
fxg,11
fxh,9
fxj,0
fxk,3
fxl,71
fxm,13
fxn,84
fxp,4
fxq,0
fxr,38
fxs,33
fxt,58
fxv,8
fxw,8
fxx,0
fxz,0
fzb,9
fzc,8
fzd,21
fzf,0
fzg,14
fzh,2
fzj,0
fzk,1
fzl,41
fzm,3
fzn,84
fzp,1
fzq,0
fzr,25
fzs,6
fzt,56
fzv,0
fzw,0
fzx,0
fzz,26
gbb,83
gbc,102
gbd,153
gbf,10
gbg,64
gbh,72
gbj,2
gbk,44
gbl,956
gbm,49
gbn,302
gbp,8
gbq,1
gbr,338
gbs,256
gbt,279
gbv,1
gbw,10
gbx,4
gbz,9
gcb,22
gcc,277
gcd,142
gcf,36
gcg,52
gch,312
gcj,0
gck,105
gcl,1796
gcm,192
gcn,450
gcp,201
gcq,1
gcr,375
gcs,572
gct,650
gcv,18
gcw,8
gcx,4
gcz,37
gdb,47
gdc,151
gdd,220
gdf,63
gdg,120
gdh,124
gdj,1
gdk,47
gdl,510
gdm,240
gdn,612
gdp,78
gdq,6
gdr,342
gds,504
gdt,351
gdv,11
gdw,32
gdx,2
gdz,23
gfb,7
gfc,124
gfd,59
gff,86
gfg,28
gfh,59
gfj,0
gfk,2
gfl,338
gfm,84
gfn,195
gfp,5
gfq,2
gfr,259
gfs,192
gft,200
gfv,10
gfw,30
gfx,4
gfz,1
ggb,66
ggc,289
ggd,277
ggf,19
ggg,254
ggh,269
ggj,1
ggk,18
ggl,835
ggm,160
ggn,714
ggp,175
ggq,2
ggr,745
ggs,516
ggt,521
ggv,72
ggw,22
ggx,2
ggz,25
ghb,116
ghc,761
ghd,473
ghf,104
ghg,217
ghh,180
ghj,3
ghk,44
ghl,859
ghm,274
ghn,671
ghp,234
ghq,0
ghr,757
ghs,805
ght,1436
ghv,3
ghw,72
ghx,10
ghz,34
gjb,1
gjc,2
gjd,2
gjf,0
gjg,4
gjh,0
gjj,2
gjk,2
gjl,3
gjm,2
gjn,6
gjp,1
gjq,0
gjr,5
gjs,2
gjt,5
gjv,0
gjw,3
gjx,0
gjz,0
gkb,1
gkc,6
gkd,18
gkf,0
gkg,39
gkh,9
gkj,0
gkk,8
gkl,12
gkm,5
gkn,91
gkp,14
gkq,0
gkr,69
gks,36
gkt,29
gkv,0
gkw,2
gkx,0
gkz,0
glb,269
glc,986
gld,824
glf,155
glg,624
glh,413
glj,4
glk,251
gll,1853
glm,575
gln,1729
glp,393
glq,19
glr,1145
gls,1852
glt,1830
glv,142
glw,117
glx,33
glz,170
gmb,92
gmc,640
gmd,183
gmf,33
gmg,159
gmh,207
gmj,5
gmk,88
gml,548
gmm,362
gmn,1181
gmp,206
gmq,2
gmr,592
gms,635
gmt,1296
gmv,22
gmw,12
gmx,13
gmz,62
gnb,231
gnc,1783
gnd,989
gnf,222
gng,1389
gnh,604
gnj,8
gnk,88
gnl,1990
gnm,785
gnn,1412
gnp,330
gnq,25
gnr,1296
gns,3305
gnt,3323
gnv,139
gnw,69
gnx,18
gnz,314
gpb,26
gpc,765
gpd,136
gpf,41
gpg,142
gph,2098
gpj,0
gpk,15
gpl,610
gpm,135
gpn,313
gpp,108
gpq,1
gpr,515
gps,489
gpt,451
gpv,5
gpw,17
gpx,13
gpz,20
gqb,0
gqc,3
gqd,1
gqf,0
gqg,0
gqh,0
gqj,0
gqk,0
gql,4
gqm,1
gqn,10
gqp,0
gqq,0
gqr,2
gqs,7
gqt,9
gqv,0
gqw,0
gqx,0
gqz,0
grb,256
grc,1523
grd,1287
grf,296
grg,672
grh,2229
grj,6
grk,152
grl,1883
grm,1202
grn,2330
grp,2140
grq,26
grr,1103
grs,2038
grt,2246
grv,352
grw,177
grx,31
grz,172
gsb,109
gsc,761
gsd,262
gsf,62
gsg,183
gsh,766
gsj,2
gsk,95
gsl,879
gsm,884
gsn,888
gsp,514
gsq,36
gsr,908
gss,2689
gst,2465
gsv,90
gsw,48
gsx,6
gsz,15
gtb,153
gtc,1485
gtd,663
gtf,179
gtg,354
gth,860
gtj,7
gtk,84
gtl,1608
gtm,629
gtn,1980
gtp,321
gtq,13
gtr,1795
gts,1476
gtt,1278
gtv,257
gtw,92
gtx,35
gtz,124
gvb,19
gvc,60
gvd,56
gvf,1
gvg,70
gvh,24
gvj,0
gvk,11
gvl,182
gvm,62
gvn,273
gvp,25
gvq,0
gvr,166
gvs,143
gvt,154
gvv,3
gvw,4
gvx,1
gvz,15
gwb,5
gwc,7
gwd,135
gwf,8
gwg,57
gwh,55
gwj,0
gwk,69
gwl,54
gwm,57
gwn,110
gwp,10
gwq,0
gwr,216
gws,114
gwt,90
gwv,0
gww,8
gwx,1
gwz,2
gxb,0
gxc,3
gxd,1
gxf,0
gxg,1
gxh,1
gxj,0
gxk,0
gxl,17
gxm,2
gxn,16
gxp,1
gxq,0
gxr,7
gxs,18
gxt,2
gxv,1
gxw,0
gxx,0
gxz,0
gzb,41
gzc,8
gzd,64
gzf,0
gzg,32
gzh,6
gzj,0
gzk,4
gzl,74
gzm,11
gzn,164
gzp,4
gzq,0
gzr,87
gzs,20
gzt,131
gzv,0
gzw,3
gzx,0
gzz,17
hbb,124
hbc,420
hbd,405
hbf,19
hbg,155
hbh,227
hbj,0
hbk,132
hbl,1268
hbm,205
hbn,658
hbp,71
hbq,3
hbr,721
hbs,546
hbt,734
hbv,24
hbw,26
hbx,16
hbz,51
hcb,144
hcc,1084
hcd,520
hcf,87
hcg,257
hch,1392
hcj,3
hck,536
hcl,2953
hcm,731
hcn,1221
hcp,748
hcq,7
hcr,1523
hcs,1692
hct,1895
hcv,48
hcw,53
hcx,21
hcz,82
hdb,168
hdc,927
hdd,734
hdf,117
hdg,386
hdh,448
hdj,4
hdk,109
hdl,1295
hdm,816
hdn,1601
hdp,397
hdq,14
hdr,2010
hds,1430
hdt,1130
hdv,31
hdw,142
hdx,93
hdz,114
hfb,19
hfc,109
hfd,128
hff,144
hfg,57
hfh,67
hfj,0
hfk,24
hfl,576
hfm,156
hfn,263
hfp,22
hfq,0
hfr,388
hfs,265
hft,335
hfv,5
hfw,58
hfx,6
hfz,9
hgb,131
hgc,1061
hgd,234
hgf,59
hgg,311
hgh,949
hgj,4
hgk,31
hgl,1317
hgm,537
hgn,1227
hgp,682
hgq,2
hgr,1166
hgs,1137
hgt,1026
hgv,38
hgw,37
hgx,8
hgz,57
hhb,131
hhc,1230
hhd,748
hhf,59
hhg,424
hhh,358
hhj,3
hhk,53
hhl,1503
hhm,785
hhn,1102
hhp,586
hhq,4
hhr,1558
hhs,1416
hht,1154
hhv,12
hhw,48
hhx,58
hhz,97
hjb,1
hjc,11
hjd,0
hjf,2
hjg,1
hjh,2
hjj,3
hjk,7
hjl,5
hjm,2
hjn,8
hjp,2
hjq,0
hjr,8
hjs,6
hjt,9
hjv,1
hjw,0
hjx,0
hjz,0
hkb,64
hkc,56
hkd,116
hkf,28
hkg,137
hkh,76
hkj,2
hkk,52
hkl,204
hkm,66
hkn,368
hkp,68
hkq,1
hkr,362
hks,208
hkt,168
hkv,8
hkw,43
hkx,1
hkz,9
hlb,395
hlc,2321
hld,1418
hlf,175
hlg,1663
hlh,1132
hlj,6
hlk,431
hll,2974
hlm,1501
hln,2537
hlp,962
hlq,23
hlr,2032
hls,3459
hlt,3029
hlv,78
hlw,156
hlx,98
hlz,235
hmb,409
hmc,2050
hmd,702
hmf,96
hmg,709
hmh,956
hmj,4
hmk,194
hml,1704
hmm,847
hmn,2471
hmp,1076
hmq,9
hmr,2098
hms,2030
hmt,2884
hmv,40
hmw,37
hmx,77
hmz,181
hnb,288
hnc,2408
hnd,1748
hnf,171
hng,2369
hnh,1012
hnj,6
hnk,313
hnl,2254
hnm,1167
hnn,1750
hnp,689
hnq,20
hnr,1822
hns,3697
hnt,3050
hnv,89
hnw,112
hnx,75
hnz,276
hpb,229
hpc,1831
hpd,796
hpf,142
hpg,621
hph,2860
hpj,2
hpk,112
hpl,1969
hpm,813
hpn,1508
hpp,867
hpq,2
hpr,2270
hps,2173
hpt,2335
hpv,67
hpw,56
hpx,113
hpz,122
hqb,3
hqc,5
hqd,12
hqf,0
hqg,2
hqh,1
hqj,0
hqk,5
hql,9
hqm,3
hqn,44
hqp,1
hqq,1
hqr,19
hqs,13
hqt,15
hqv,1
hqw,1
hqx,0
hqz,1
hrb,725
hrc,3991
hrd,2620
hrf,473
hrg,1734
hrh,2473
hrj,8
hrk,428
hrl,3692
hrm,3283
hrn,4347
hrp,2703
hrq,42
hrr,2748
hrs,4739
hrt,4882
hrv,195
hrw,319
hrx,266
hrz,406
hsb,206
hsc,1802
hsd,602
hsf,106
hsg,490
hsh,1480
hsj,5
hsk,221
hsl,1739
hsm,1961
hsn,1615
hsp,1323
hsq,22
hsr,1678
hss,3703
hst,3957
hsv,106
hsw,88
hsx,38
hsz,89
htb,311
htc,3635
htd,1255
htf,200
htg,1028
hth,2658
htj,5
htk,182
htl,2904
htm,1755
htn,2876
htp,1231
htq,12
htr,3834
hts,3150
htt,2237
htv,145
htw,147
htx,164
htz,294
hvb,15
hvc,56
hvd,66
hvf,9
hvg,52
hvh,29
hvj,0
hvk,20
hvl,197
hvm,40
hvn,238
hvp,8
hvq,1
hvr,208
hvs,189
hvt,145
hvv,1
hvw,11
hvx,1
hvz,10
hwb,35
hwc,46
hwd,301
hwf,30
hwg,77
hwh,127
hwj,1
hwk,148
hwl,143
hwm,98
hwn,229
hwp,32
hwq,0
hwr,509
hws,245
hwt,219
hwv,6
hww,26
hwx,5
hwz,8
hxb,11
hxc,132
hxd,97
hxf,3
hxg,35
hxh,72
hxj,0
hxk,7
hxl,165
hxm,59
hxn,191
hxp,43
hxq,1
hxr,121
hxs,181
hxt,137
hxv,5
hxw,0
hxx,2
hxz,9
hzb,23
hzc,110
hzd,114
hzf,4
hzg,67
hzh,47
hzj,0
hzk,2
hzl,121
hzm,63
hzn,361
hzp,60
hzq,2
hzr,155
hzs,111
hzt,275
hzv,1
hzw,3
hzx,6
hzz,22
jbb,35
jbc,5
jbd,14
jbf,0
jbg,16
jbh,8
jbj,2
jbk,7
jbl,109
jbm,12
jbn,48
jbp,0
jbq,1
jbr,41
jbs,31
jbt,33
jbv,0
jbw,7
jbx,2
jbz,2
jcb,42
jcc,26
jcd,51
jcf,13
jcg,16
jch,20
jcj,0
jck,106
jcl,196
jcm,24
jcn,209
jcp,12
jcq,1
jcr,98
jcs,113
jct,428
jcv,92
jcw,8
jcx,2
jcz,10
jdb,8
jdc,102
jdd,24
jdf,0
jdg,51
jdh,12
jdj,0
jdk,5
jdl,77
jdm,22
jdn,77
jdp,3
jdq,0
jdr,41
jds,52
jdt,55
jdv,4
jdw,1
jdx,1
jdz,4
jfb,7
jfc,12
jfd,4
jff,6
jfg,2
jfh,4
jfj,0
jfk,0
jfl,28
jfm,1
jfn,18
jfp,0
jfq,0
jfr,12
jfs,12
jft,21
jfv,1
jfw,0
jfx,0
jfz,0
jgb,7
jgc,11
jgd,26
jgf,1
jgg,56
jgh,6
jgj,1
jgk,6
jgl,115
jgm,26
jgn,67
jgp,1
jgq,1
jgr,64
jgs,34
jgt,81
jgv,3
jgw,3
jgx,1
jgz,2
jhb,0
jhc,2
jhd,15
jhf,1
jhg,1
jhh,0
jhj,1
jhk,4
jhl,12
jhm,2
jhn,21
jhp,22
jhq,0
jhr,11
jhs,11
jht,7
jhv,0
jhw,3
jhx,0
jhz,4
jjb,2
jjc,0
jjd,2
jjf,0
jjg,1
jjh,1
jjj,0
jjk,0
jjl,8
jjm,9
jjn,20
jjp,2
jjq,0
jjr,2
jjs,12
jjt,13
jjv,1
jjw,2
jjx,0
jjz,0
jkb,6
jkc,2
jkd,17
jkf,5
jkg,15
jkh,14
jkj,0
jkk,3
jkl,16
jkm,14
jkn,35
jkp,10
jkq,0
jkr,33
jks,40
jkt,35
jkv,0
jkw,9
jkx,2
jkz,1
jlb,3
jlc,16
jld,49
jlf,13
jlg,18
jlh,17
jlj,3
jlk,19
jll,102
jlm,17
jln,82
jlp,15
jlq,0
jlr,70
jls,95
jlt,101
jlv,2
jlw,5
jlx,0
jlz,14
jmb,36
jmc,7
jmd,16
jmf,4
jmg,9
jmh,5
jmj,4
jmk,4
jml,24
jmm,20
jmn,104
jmp,26
jmq,1
jmr,33
jms,22
jmt,71
jmv,1
jmw,4
jmx,0
jmz,0
jnb,14
jnc,121
jnd,67
jnf,3
jng,144
jnh,14
jnj,3
jnk,36
jnl,165
jnm,39
jnn,111
jnp,12
jnq,4
jnr,93
jns,162
jnt,304
jnv,32
jnw,11
jnx,5
jnz,15
jpb,2
jpc,10
jpd,28
jpf,5
jpg,7
jph,9
jpj,1
jpk,2
jpl,17
jpm,2
jpn,37
jpp,3
jpq,0
jpr,43
jps,25
jpt,26
jpv,2
jpw,1
jpx,1
jpz,2
jqb,2
jqc,0
jqd,0
jqf,0
jqg,0
jqh,0
jqj,0
jqk,0
jql,2
jqm,2
jqn,1
jqp,0
jqq,0
jqr,2
jqs,2
jqt,4
jqv,0
jqw,0
jqx,0
jqz,0
jrb,16
jrc,37
jrd,75
jrf,7
jrg,50
jrh,23
jrj,3
jrk,28
jrl,89
jrm,51
jrn,162
jrp,21
jrq,3
jrr,73
jrs,121
jrt,129
jrv,14
jrw,13
jrx,4
jrz,16
jsb,21
jsc,73
jsd,46
jsf,29
jsg,12
jsh,62
jsj,0
jsk,9
jsl,76
jsm,55
jsn,99
jsp,43
jsq,4
jsr,49
jss,152
jst,234
jsv,7
jsw,7
jsx,1
jsz,1
jtb,46
jtc,69
jtd,68
jtf,32
jtg,36
jth,29
jtj,0
jtk,6
jtl,180
jtm,38
jtn,230
jtp,20
jtq,0
jtr,148
jts,107
jtt,111
jtv,105
jtw,9
jtx,4
jtz,11
jvb,1
jvc,12
jvd,4
jvf,1
jvg,0
jvh,0
jvj,0
jvk,2
jvl,55
jvm,4
jvn,44
jvp,0
jvq,0
jvr,3
jvs,30
jvt,42
jvv,1
jvw,0
jvx,0
jvz,9
jwb,8
jwc,1
jwd,23
jwf,6
jwg,3
jwh,11
jwj,1
jwk,15
jwl,32
jwm,6
jwn,12
jwp,2
jwq,0
jwr,26
jws,19
jwt,7
jwv,0
jww,1
jwx,0
jwz,0
jxb,0
jxc,2
jxd,0
jxf,0
jxg,0
jxh,0
jxj,0
jxk,0
jxl,6
jxm,1
jxn,4
jxp,8
jxq,0
jxr,5
jxs,7
jxt,12
jxv,1
jxw,0
jxx,0
jxz,0
jzb,1
jzc,0
jzd,1
jzf,0
jzg,0
jzh,1
jzj,0
jzk,1
jzl,3
jzm,0
jzn,13
jzp,0
jzq,0
jzr,3
jzs,1
jzt,10
jzv,0
jzw,0
jzx,0
jzz,7
kbb,25
kbc,41
kbd,80
kbf,0
kbg,24
kbh,29
kbj,0
kbk,59
kbl,294
kbm,9
kbn,96
kbp,2
kbq,0
kbr,155
kbs,78
kbt,86
kbv,0
kbw,7
kbx,6
kbz,3
kcb,16
kcc,30
kcd,41
kcf,24
kcg,14
kch,147
kcj,1
kck,183
kcl,92
kcm,31
kcn,87
kcp,31
kcq,0
kcr,81
kcs,71
kct,89
kcv,2
kcw,14
kcx,0
kcz,2
kdb,9
kdc,23
kdd,84
kdf,3
kdg,76
kdh,34
kdj,3
kdk,13
kdl,108
kdm,80
kdn,156
kdp,19
kdq,0
kdr,127
kds,116
kdt,47
kdv,9
kdw,21
kdx,0
kdz,7
kfb,2
kfc,10
kfd,20
kff,26
kfg,11
kfh,34
kfj,0
kfk,8
kfl,139
kfm,7
kfn,37
kfp,4
kfq,0
kfr,53
kfs,61
kft,66
kfv,0
kfw,16
kfx,1
kfz,1
kgb,13
kgc,36
kgd,40
kgf,6
kgg,22
kgh,84
kgj,1
kgk,8
kgl,159
kgm,44
kgn,111
kgp,34
kgq,0
kgr,97
kgs,91
kgt,85
kgv,3
kgw,8
kgx,0
kgz,2
khb,19
khc,44
khd,170
khf,29
khg,32
khh,34
khj,7
khk,35
khl,144
khm,52
khn,224
khp,64
khq,0
khr,184
khs,152
kht,173
khv,14
khw,15
khx,6
khz,9
kjb,3
kjc,8
kjd,3
kjf,2
kjg,6
kjh,3
kjj,0
kjk,8
kjl,6
kjm,3
kjn,10
kjp,2
kjq,0
kjr,12
kjs,1
kjt,4
kjv,1
kjw,4
kjx,0
kjz,2
kkb,16
kkc,21
kkd,36
kkf,5
kkg,46
kkh,22
kkj,1
kkk,23
kkl,53
kkm,23
kkn,126
kkp,24
kkq,0
kkr,118
kks,42
kkt,48
kkv,2
kkw,12
kkx,0
kkz,6
klb,62
klc,129
kld,256
klf,46
klg,220
klh,108
klj,4
klk,175
kll,311
klm,141
kln,469
klp,98
klq,0
klr,251
kls,411
klt,340
klv,18
klw,38
klx,6
klz,25
kmb,31
kmc,60
kmd,33
kmf,3
kmg,57
kmh,60
kmj,2
kmk,80
kml,67
kmm,45
kmn,293
kmp,57
kmq,1
kmr,158
kms,95
kmt,176
kmv,0
kmw,6
kmx,2
kmz,4
knb,84
knc,225
knd,349
knf,40
kng,1111
knh,152
knj,10
knk,147
knl,379
knm,127
knn,356
knp,101
knq,0
knr,256
kns,727
knt,434
knv,22
knw,122
knx,5
knz,35
kpb,10
kpc,86
kpd,27
kpf,42
kpg,41
kph,98
kpj,2
kpk,30
kpl,91
kpm,26
kpn,107
kpp,63
kpq,0
kpr,189
kps,93
kpt,124
kpv,0
kpw,7
kpx,3
kpz,2
kqb,0
kqc,0
kqd,0
kqf,0
kqg,0
kqh,0
kqj,0
kqk,0
kql,0
kqm,0
kqn,0
kqp,0
kqq,0
kqr,0
kqs,0
kqt,1
kqv,0
kqw,0
kqx,0
kqz,0
krb,39
krc,163
krd,257
krf,64
krg,123
krh,165
krj,5
krk,143
krl,178
krm,206
krn,344
krp,118
krq,1
krr,214
krs,308
krt,389
krv,13
krw,47
krx,4
krz,19
ksb,14
ksc,127
ksd,79
ksf,27
ksg,51
ksh,473
ksj,0
ksk,68
ksl,151
ksm,216
ksn,275
ksp,130
ksq,3
ksr,188
kss,737
kst,350
ksv,15
ksw,33
ksx,4
ksz,5
ktb,49
ktc,268
ktd,132
ktf,22
ktg,115
kth,208
ktj,5
ktk,86
ktl,233
ktm,114
ktn,426
ktp,66
ktq,0
ktr,330
kts,218
ktt,228
ktv,12
ktw,33
ktx,11
ktz,25
kvb,0
kvc,4
kvd,7
kvf,0
kvg,6
kvh,11
kvj,0
kvk,6
kvl,13
kvm,3
kvn,20
kvp,1
kvq,0
kvr,26
kvs,22
kvt,16
kvv,2
kvw,1
kvx,0
kvz,2
kwb,20
kwc,6
kwd,160
kwf,6
kwg,66
kwh,35
kwj,0
kwk,52
kwl,76
kwm,47
kwn,96
kwp,5
kwq,0
kwr,163
kws,86
kwt,75
kwv,0
kww,6
kwx,0
kwz,2
kxb,0
kxc,0
kxd,3
kxf,0
kxg,0
kxh,2
kxj,0
kxk,1
kxl,3
kxm,1
kxn,7
kxp,0
kxq,0
kxr,2
kxs,4
kxt,1
kxv,1
kxw,0
kxx,0
kxz,0
kzb,1
kzc,2
kzd,1
kzf,0
kzg,2
kzh,1
kzj,1
kzk,1
kzl,2
kzm,2
kzn,18
kzp,0
kzq,0
kzr,7
kzs,0
kzt,18
kzv,0
kzw,0
kzx,1
kzz,0
lbb,134
lbc,510
lbd,374
lbf,66
lbg,172
lbh,223
lbj,3
lbk,118
lbl,2183
lbm,339
lbn,982
lbp,67
lbq,4
lbr,1259
lbs,846
lbt,1108
lbv,32
lbw,32
lbx,17
lbz,73
lcb,270
lcc,1475
lcd,1002
lcf,202
lcg,447
lch,1840
lcj,8
lck,750
lcl,3634
lcm,1012
lcn,2720
lcp,806
lcq,11
lcr,2417
lcs,2332
lct,3886
lcv,177
lcw,66
lcx,29
lcz,189
ldb,171
ldc,597
ldd,708
ldf,130
ldg,461
ldh,374
ldj,8
ldk,112
ldl,1131
ldm,686
ldn,1806
ldp,242
ldq,5
ldr,1499
lds,1402
ldt,974
ldv,41
ldw,103
ldx,31
ldz,78
lfb,74
lfc,334
lfd,245
lff,99
lfg,113
lfh,141
lfj,2
lfk,36
lfl,726
lfm,465
lfn,482
lfp,26
lfq,3
lfr,985
lfs,559
lft,507
lfv,23
lfw,79
lfx,10
lfz,19
lgb,166
lgc,1692
lgd,436
lgf,76
lgg,401
lgh,1095
lgj,1
lgk,43
lgl,2136
lgm,628
lgn,1693
lgp,642
lgq,5
lgr,1561
lgs,1817
lgt,2026
lgv,61
lgw,58
lgx,5
lgz,128
lhb,198
lhc,1212
lhd,1048
lhf,88
lhg,531
lhh,401
lhj,6
lhk,74
lhl,1388
lhm,804
lhn,1613
lhp,647
lhq,4
lhr,1727
lhs,1513
lht,1577
lhv,24
lhw,42
lhx,54
lhz,115
ljb,1
ljc,18
ljd,3
ljf,5
ljg,7
ljh,5
ljj,2
ljk,15
ljl,9
ljm,8
ljn,12
ljp,2
ljq,0
ljr,13
ljs,12
ljt,20
ljv,5
ljw,4
ljx,0
ljz,0
lkb,55
lkc,79
lkd,194
lkf,35
lkg,219
lkh,113
lkj,5
lkk,49
lkl,291
lkm,113
lkn,552
lkp,65
lkq,0
lkr,416
lks,326
lkt,267
lkv,13
lkw,60
lkx,5
lkz,15
llb,596
llc,1839
lld,1408
llf,326
llg,1395
llh,776
llj,9
llk,543
lll,2678
llm,1161
lln,3223
llp,622
llq,60
llr,2548
lls,3259
llt,3525
llv,170
llw,445
llx,70
llz,265
lmb,473
lmc,1195
lmd,627
lmf,97
lmg,491
lmh,663
lmj,3
lmk,228
lml,1054
lmm,552
lmn,2945
lmp,585
lmq,4
lmr,1664
lms,1469
lmt,2741
lmv,48
lmw,35
lmx,42
lmz,124
lnb,210
lnc,2479
lnd,2033
lnf,208
lng,3781
lnh,1127
lnj,12
lnk,333
lnl,2618
lnm,1044
lnn,2218
lnp,529
lnq,45
lnr,2230
lns,5908
lnt,4840
lnv,111
lnw,109
lnx,55
lnz,309
lpb,198
lpc,1298
lpd,846
lpf,196
lpg,483
lph,2582
lpj,6
lpk,76
lpl,1386
lpm,588
lpn,1502
lpp,477
lpq,4
lpr,1690
lps,1727
lpt,1898
lpv,25
lpw,46
lpx,80
lpz,70
lqb,8
lqc,43
lqd,49
lqf,15
lqg,10
lqh,17
lqj,0
lqk,1
lql,57
lqm,23
lqn,125
lqp,2
lqq,1
lqr,45
lqs,84
lqt,104
lqv,4
lqw,0
lqx,1
lqz,12
lrb,347
lrc,2251
lrd,1694
lrf,381
lrg,960
lrh,1581
lrj,6
lrk,323
lrl,2317
lrm,1872
lrn,3103
lrp,1405
lrq,11
lrr,1553
lrs,3239
lrt,3323
lrv,198
lrw,120
lrx,88
lrz,354
lsb,199
lsc,1977
lsd,624
lsf,131
lsg,367
lsh,1757
lsj,5
lsk,214
lsl,1704
lsm,2543
lsn,2306
lsp,987
lsq,48
lsr,1533
lss,7273
lst,5048
lsv,187
lsw,69
lsx,10
lsz,48
ltb,388
ltc,3645
ltd,1932
ltf,325
ltg,1103
lth,2535
ltj,9
ltk,200
ltl,3377
ltm,1709
ltn,5453
ltp,984
ltq,24
ltr,5620
lts,3464
ltt,3148
ltv,572
ltw,128
ltx,105
ltz,315
lvb,132
lvc,257
lvd,216
lvf,40
lvg,171
lvh,101
lvj,1
lvk,37
lvl,676
lvm,144
lvn,768
lvp,66
lvq,1
lvr,693
lvs,502
lvt,565
lvv,18
lvw,26
lvx,4
lvz,51
lwb,43
lwc,41
lwd,337
lwf,43
lwg,129
lwh,136
lwj,1
lwk,172
lwl,156
lwm,116
lwn,298
lwp,36
lwq,1
lwr,717
lws,351
lwt,237
lwv,4
lww,28
lwx,1
lwz,7
lxb,33
lxc,78
lxd,71
lxf,8
lxg,29
lxh,33
lxj,0
lxk,1
lxl,136
lxm,55
lxn,178
lxp,29
lxq,0
lxr,115
lxs,137
lxt,120
lxv,22
lxw,7
lxx,0
lxz,1
lzb,88
lzc,40
lzd,165
lzf,2
lzg,62
lzh,10
lzj,0
lzk,8
lzl,134
lzm,19
lzn,637
lzp,2
lzq,1
lzr,216
lzs,38
lzt,570
lzv,2
lzw,3
lzx,0
lzz,19
mbb,139
mbc,635
mbd,526
mbf,89
mbg,312
mbh,237
mbj,8
mbk,100
mbl,2722
mbm,345
mbn,1218
mbp,107
mbq,9
mbr,1413
mbs,999
mbt,1115
mbv,47
mbw,54
mbx,21
mbz,106
mcb,286
mcc,1237
mcd,644
mcf,124
mcg,384
mch,1299
mcj,9
mck,266
mcl,3313
mcm,832
mcn,1890
mcp,765
mcq,10
mcr,2128
mcs,1866
mct,2524
mcv,137
mcw,18
mcx,12
mcz,137
mdb,171
mdc,582
mdd,444
mdf,100
mdg,225
mdh,168
mdj,8
mdk,37
mdl,1126
mdm,544
mdn,1309
mdp,173
mdq,6
mdr,938
mds,981
mdt,1047
mdv,90
mdw,57
mdx,36
mdz,81
mfb,58
mfc,264
mfd,137
mff,63
mfg,60
mfh,34
mfj,0
mfk,9
mfl,478
mfm,211
mfn,325
mfp,2
mfq,0
mfr,567
mfs,312
mft,377
mfv,13
mfw,23
mfx,14
mfz,3
mgb,143
mgc,786
mgd,240
mgf,60
mgg,213
mgh,549
mgj,2
mgk,9
mgl,1123
mgm,354
mgn,1437
mgp,476
mgq,4
mgr,1207
mgs,909
mgt,1148
mgv,62
mgw,18
mgx,3
mgz,77
mhb,210
mhc,1173
mhd,604
mhf,52
mhg,410
mhh,259
mhj,2
mhk,61
mhl,1349
mhm,652
mhn,1228
mhp,548
mhq,6
mhr,1163
mhs,1410
mht,1134
mhv,35
mhw,31
mhx,75
mhz,105
mjb,2
mjc,27
mjd,17
mjf,0
mjg,17
mjh,6
mjj,0
mjk,6
mjl,19
mjm,6
mjn,29
mjp,2
mjq,0
mjr,24
mjs,26
mjt,48
mjv,4
mjw,4
mjx,0
mjz,1
mkb,35
mkc,27
mkd,81
mkf,27
mkg,290
mkh,61
mkj,2
mkk,24
mkl,135
mkm,48
mkn,491
mkp,36
mkq,0
mkr,410
mks,152
mkt,140
mkv,0
mkw,21
mkx,1
mkz,2
mlb,371
mlc,1765
mld,1097
mlf,266
mlg,1208
mlh,510
mlj,10
mlk,330
mll,2968
mlm,958
mln,2818
mlp,545
mlq,25
mlr,1872
mls,2937
mlt,3435
mlv,185
mlw,90
mlx,108
mlz,326
mmb,387
mmc,1070
mmd,544
mmf,44
mmg,332
mmh,340
mmj,4
mmk,106
mml,1209
mmm,434
mmn,1925
mmp,308
mmq,4
mmr,1617
mms,1065
mmt,2171
mmv,63
mmw,15
mmx,30
mmz,142
mnb,559
mnc,2917
mnd,1701
mnf,350
mng,2245
mnh,1077
mnj,20
mnk,215
mnl,3583
mnm,1263
mnn,2990
mnp,779
mnq,35
mnr,2735
mns,4522
mnt,6911
mnv,281
mnw,73
mnx,58
mnz,421
mpb,507
mpc,1682
mpd,839
mpf,185
mpg,574
mph,2837
mpj,4
mpk,86
mpl,2806
mpm,767
mpn,2370
mpp,429
mpq,5
mpr,2631
mps,2548
mpt,2938
mpv,265
mpw,31
mpx,113
mpz,113
mqb,1
mqc,11
mqd,20
mqf,3
mqg,1
mqh,8
mqj,0
mqk,0
mql,22
mqm,6
mqn,37
mqp,3
mqq,1
mqr,22
mqs,31
mqt,50
mqv,7
mqw,2
mqx,0
mqz,1
mrb,669
mrc,2930
mrd,1368
mrf,329
mrg,1104
mrh,1939
mrj,19
mrk,329
mrl,3246
mrm,1708
mrn,3253
mrp,1844
mrq,35
mrr,1829
mrs,3366
mrt,3595
mrv,307
mrw,99
mrx,92
mrz,328
msb,473
msc,1995
msd,782
msf,196
msg,480
msh,1379
msj,16
msk,219
msl,2192
msm,1727
msn,2340
msp,1110
msq,57
msr,2153
mss,3738
mst,4350
msv,295
msw,58
msx,58
msz,79
mtb,576
mtc,3760
mtd,1299
mtf,208
mtg,921
mth,2185
mtj,9
mtk,140
mtl,3978
mtm,1421
mtn,3999
mtp,1130
mtq,14
mtr,5386
mts,3219
mtt,2954
mtv,529
mtw,60
mtx,139
mtz,386
mvb,64
mvc,76
mvd,72
mvf,2
mvg,50
mvh,12
mvj,0
mvk,2
mvl,361
mvm,45
mvn,298
mvp,9
mvq,0
mvr,227
mvs,229
mvt,257
mvv,11
mvw,1
mvx,2
mvz,12
mwb,10
mwc,7
mwd,138
mwf,6
mwg,23
mwh,54
mwj,0
mwk,51
mwl,55
mwm,27
mwn,82
mwp,12
mwq,0
mwr,205
mws,97
mwt,94
mwv,2
mww,5
mwx,0
mwz,3
mxb,20
mxc,55
mxd,66
mxf,10
mxg,18
mxh,23
mxj,1
mxk,0
mxl,154
mxm,78
mxn,116
mxp,39
mxq,0
mxr,104
mxs,109
mxt,106
mxv,3
mxw,1
mxx,2
mxz,7
mzb,42
mzc,31
mzd,118
mzf,2
mzg,37
mzh,11
mzj,0
mzk,4
mzl,109
mzm,42
mzn,387
mzp,11
mzq,1
mzr,111
mzs,42
mzt,307
mzv,0
mzw,1
mzx,1
mzz,45
nbb,362
nbc,560
nbd,969
nbf,75
nbg,397
nbh,286
nbj,30
nbk,208
nbl,5359
nbm,277
nbn,1699
nbp,59
nbq,11
nbr,1378
nbs,1416
nbt,1692
nbv,118
nbw,71
nbx,25
nbz,73
ncb,1398
ncc,2383
ncd,2750
ncf,459
ncg,1050
nch,3271
ncj,13
nck,717
ncl,7525
ncm,1920
ncn,5714
ncp,1791
ncq,57
ncr,4660
ncs,4417
nct,7365
ncv,841
ncw,101
ncx,41
ncz,260
ndb,1141
ndc,2335
ndd,2217
ndf,524
ndg,1472
ndh,815
ndj,40
ndk,265
ndl,4278
ndm,1594
ndn,4671
ndp,834
ndq,43
ndr,4729
nds,3602
ndt,3789
ndv,532
ndw,316
ndx,92
ndz,203
nfb,470
nfc,1013
nfd,1004
nff,433
nfg,482
nfh,228
nfj,0
nfk,69
nfl,2264
nfm,757
nfn,1707
nfp,49
nfq,11
nfr,2049
nfs,1218
nft,1745
nfv,147
nfw,119
nfx,72
nfz,49
ngb,589
ngc,1431
ngd,1280
ngf,281
ngg,837
ngh,1305
ngj,7
ngk,134
ngl,4713
ngm,930
ngn,3507
ngp,729
ngq,9
ngr,2942
ngs,2666
ngt,2982
ngv,229
ngw,152
ngx,18
ngz,172
nhb,585
nhc,1751
nhd,1889
nhf,198
nhg,842
nhh,672
nhj,2
nhk,183
nhl,2887
nhm,1276
nhn,2570
nhp,1269
nhq,17
nhr,2869
nhs,2515
nht,2578
nhv,112
nhw,141
nhx,106
nhz,189
njb,45
njc,169
njd,105
njf,13
njg,76
njh,8
njj,2
njk,17
njl,136
njm,38
njn,181
njp,9
njq,0
njr,120
njs,87
njt,231
njv,41
njw,8
njx,1
njz,4
nkb,165
nkc,86
nkd,445
nkf,62
nkg,318
nkh,143
nkj,2
nkk,75
nkl,581
nkm,123
nkn,768
nkp,76
nkq,0
nkr,531
nks,389
nkt,338
nkv,6
nkw,93
nkx,1
nkz,15
nlb,960
nlc,2308
nld,2740
nlf,302
nlg,2086
nlh,742
nlj,2
nlk,690
nll,4650
nlm,1448
nln,4675
nlp,557
nlq,77
nlr,2596
nls,4837
nlt,5420
nlv,420
nlw,234
nlx,105
nlz,635
nmb,933
nmc,1838
nmd,1392
nmf,116
nmg,764
nmh,722
nmj,3
nmk,219
nml,2772
nmm,832
nmn,4082
nmp,1068
nmq,9
nmr,2247
nms,2221
nmt,4136
nmv,196
nmw,30
nmx,76
nmz,228
nnb,1552
nnc,4456
nnd,3771
nnf,667
nng,4505
nnh,1185
nnj,71
nnk,363
nnl,6308
nnm,1842
nnn,5374
nnp,1045
nnq,93
nnr,3978
nns,7431
nnt,8695
nnv,896
nnw,158
nnx,178
nnz,472
npb,820
npc,2219
npd,1719
npf,286
npg,811
nph,2689
npj,23
npk,138
npl,3680
npm,742
npn,2815
npp,927
npq,9
npr,3524
nps,2716
npt,3790
npv,349
npw,46
npx,94
npz,137
nqb,64
nqc,81
nqd,122
nqf,28
nqg,43
nqh,32
nqj,1
nqk,12
nql,274
nqm,34
nqn,299
nqp,16
nqq,0
nqr,160
nqs,177
nqt,318
nqv,40
nqw,0
nqx,5
nqz,21
nrb,2162
nrc,5148
nrd,4866
nrf,972
nrg,2747
nrh,2465
nrj,74
nrk,591
nrl,7300
nrm,3401
nrn,7985
nrp,2912
nrq,97
nrr,4362
nrs,6801
nrt,8804
nrv,1387
nrw,405
nrx,231
nrz,539
nsb,1626
nsc,3883
nsd,2483
nsf,536
nsg,1346
nsh,2575
nsj,22
nsk,478
nsl,5433
nsm,3418
nsn,5641
nsp,2414
nsq,148
nsr,4218
nss,11108
nst,9144
nsv,932
nsw,235
nsx,58
nsz,214
ntb,1913
ntc,6588
ntd,4729
ntf,881
ntg,2620
nth,4567
ntj,52
ntk,480
ntl,9981
ntm,3482
ntn,10944
ntp,2473
ntq,110
ntr,11128
nts,7262
ntt,8177
ntv,1586
ntw,335
ntx,326
ntz,701
nvb,448
nvc,487
nvd,651
nvf,37
nvg,368
nvh,63
nvj,0
nvk,35
nvl,1744
nvm,160
nvn,1506
nvp,46
nvq,5
nvr,1071
nvs,1078
nvt,1333
nvv,160
nvw,29
nvx,14
nvz,72
nwb,136
nwc,54
nwd,752
nwf,58
nwg,291
nwh,262
nwj,0
nwk,186
nwl,489
nwm,153
nwn,584
nwp,73
nwq,0
nwr,819
nws,469
nwt,425
nwv,33
nww,33
nwx,2
nwz,7
nxb,165
nxc,234
nxd,216
nxf,3
nxg,91
nxh,56
nxj,0
nxk,3
nxl,400
nxm,87
nxn,415
nxp,211
nxq,0
nxr,231
nxs,294
nxt,410
nxv,54
nxw,1
nxx,1
nxz,18
nzb,110
nzc,88
nzd,342
nzf,14
nzg,83
nzh,50
nzj,0
nzk,6
nzl,305
nzm,75
nzn,730
nzp,37
nzq,6
nzr,226
nzs,55
nzt,554
nzv,3
nzw,4
nzx,18
nzz,72
pbb,97
pbc,590
pbd,242
pbf,23
pbg,120
pbh,225
pbj,9
pbk,84
pbl,2584
pbm,213
pbn,808
pbp,64
pbq,2
pbr,693
pbs,765
pbt,1051
pbv,42
pbw,13
pbx,18
pbz,49
pcb,500
pcc,1960
pcd,1219
pcf,280
pcg,549
pch,2307
pcj,6
pck,557
pcl,5254
pcm,1342
pcn,3241
pcp,1226
pcq,34
pcr,2957
pcs,2891
pct,4940
pcv,393
pcw,62
pcx,52
pcz,162
pdb,276
pdc,1598
pdd,673
pdf,132
pdg,548
pdh,393
pdj,15
pdk,63
pdl,2064
pdm,1128
pdn,2236
pdp,500
pdq,15
pdr,1709
pds,1813
pdt,2078
pdv,171
pdw,43
pdx,66
pdz,82
pfb,71
pfc,508
pfd,194
pff,139
pfg,117
pfh,67
pfj,0
pfk,11
pfl,800
pfm,356
pfn,616
pfp,12
pfq,0
pfr,839
pfs,476
pft,670
pfv,69
pfw,25
pfx,27
pfz,21
pgb,96
pgc,1259
pgd,371
pgf,64
pgg,277
pgh,856
pgj,0
pgk,30
pgl,1632
pgm,752
pgn,1751
pgp,710
pgq,1
pgr,1471
pgs,1496
pgt,1598
pgv,88
pgw,34
pgx,11
pgz,86
phb,712
phc,4449
phd,1690
phf,109
phg,1968
phh,1780
phj,2
phk,111
phl,5455
phm,2399
phn,4158
php,1774
phq,11
phr,4474
phs,4798
pht,4691
phv,103
phw,57
phx,201
phz,302
pjb,5
pjc,100
pjd,44
pjf,3
pjg,15
pjh,3
pjj,2
pjk,16
pjl,39
pjm,14
pjn,63
pjp,3
pjq,0
pjr,57
pjs,36
pjt,89
pjv,19
pjw,0
pjx,1
pjz,0
pkb,46
pkc,55
pkd,107
pkf,27
pkg,129
pkh,78
pkj,0
pkk,41
pkl,260
pkm,59
pkn,351
pkp,39
pkq,0
pkr,260
pks,220
pkt,206
pkv,3
pkw,41
pkx,1
pkz,0
plb,745
plc,3998
pld,2008
plf,390
plg,2328
plh,1564
plj,7
plk,467
pll,4874
plm,2723
pln,5118
plp,1468
plq,35
plr,3886
pls,5658
plt,6787
plv,404
plw,205
plx,235
plz,470
pmb,268
pmc,1628
pmd,606
pmf,59
pmg,495
pmh,616
pmj,3
pmk,123
pml,1553
pmm,612
pmn,2429
pmp,837
pmq,0
pmr,1777
pms,1663
pmt,3004
pmv,96
pmw,16
pmx,80
pmz,141
pnb,541
pnc,3870
pnd,2359
pnf,367
png,2873
pnh,1475
pnj,15
pnk,331
pnl,4484
pnm,1899
pnn,3525
pnp,981
pnq,37
pnr,2946
pns,5092
pnt,6902
pnv,322
pnw,117
pnx,125
pnz,355
ppb,406
ppc,1898
ppd,973
ppf,157
ppg,769
pph,2839
ppj,6
ppk,67
ppl,2978
ppm,834
ppn,2351
ppp,542
ppq,9
ppr,3019
pps,2561
ppt,3113
ppv,231
ppw,54
ppx,115
ppz,114
pqb,1
pqc,15
pqd,15
pqf,5
pqg,1
pqh,2
pqj,0
pqk,0
pql,40
pqm,15
pqn,56
pqp,2
pqq,0
pqr,31
pqs,38
pqt,82
pqv,5
pqw,1
pqx,0
pqz,0
prb,1866
prc,7639
prd,4309
prf,1647
prg,2989
prh,3430
prj,131
prk,533
prl,8307
prm,4749
prn,9381
prp,4175
prq,112
prr,6374
prs,8921
prt,11043
prv,1629
prw,261
prx,458
prz,608
psb,768
psc,3560
psd,1735
psf,262
psg,925
psh,2281
psj,9
psk,191
psl,3990
psm,2873
psn,3815
psp,2019
psq,52
psr,3134
pss,5605
pst,6972
psv,587
psw,89
psx,77
psz,168
ptb,924
ptc,5490
ptd,2039
ptf,391
ptg,1708
pth,3566
ptj,4
ptk,242
ptl,6519
ptm,2727
ptn,6647
ptp,1753
ptq,36
ptr,6758
pts,5044
ptt,5249
ptv,953
ptw,104
ptx,218
ptz,492
pvb,117
pvc,239
pvd,197
pvf,9
pvg,111
pvh,35
pvj,0
pvk,21
pvl,714
pvm,104
pvn,707
pvp,32
pvq,0
pvr,420
pvs,519
pvt,569
pvv,42
pvw,7
pvx,3
pvz,33
pwb,17
pwc,17
pwd,214
pwf,25
pwg,95
pwh,82
pwj,1
pwk,92
pwl,115
pwm,62
pwn,167
pwp,22
pwq,0
pwr,366
pws,146
pwt,149
pwv,1
pww,17
pwx,2
pwz,4
pxb,8
pxc,84
pxd,76
pxf,6
pxg,27
pxh,24
pxj,0
pxk,2
pxl,168
pxm,76
pxn,181
pxp,24
pxq,3
pxr,77
pxs,174
pxt,173
pxv,10
pxw,1
pxx,1
pxz,8
pzb,31
pzc,56
pzd,90
pzf,5
pzg,59
pzh,20
pzj,0
pzk,3
pzl,129
pzm,46
pzn,348
pzp,18
pzq,1
pzr,123
pzs,46
pzt,295
pzv,0
pzw,1
pzx,4
pzz,53
qbb,24
qbc,25
qbd,17
qbf,1
qbg,6
qbh,10
qbj,0
qbk,2
qbl,148
qbm,15
qbn,31
qbp,1
qbq,0
qbr,59
qbs,37
qbt,58
qbv,1
qbw,0
qbx,0
qbz,1
qcb,22
qcc,35
qcd,29
qcf,2
qcg,13
qch,65
qcj,0
qck,49
qcl,137
qcm,24
qcn,131
qcp,13
qcq,0
qcr,77
qcs,84
qct,153
qcv,18
qcw,2
qcx,3
qcz,0
qdb,28
qdc,96
qdd,63
qdf,19
qdg,49
qdh,9
qdj,4
qdk,3
qdl,191
qdm,60
qdn,174
qdp,53
qdq,2
qdr,278
qds,92
qdt,179
qdv,18
qdw,0
qdx,3
qdz,2
qfb,7
qfc,24
qfd,22
qff,13
qfg,7
qfh,4
qfj,0
qfk,0
qfl,46
qfm,13
qfn,24
qfp,1
qfq,0
qfr,40
qfs,19
qft,30
qfv,2
qfw,2
qfx,1
qfz,0
qgb,2
qgc,5
qgd,5
qgf,0
qgg,7
qgh,4
qgj,0
qgk,0
qgl,70
qgm,14
qgn,32
qgp,0
qgq,0
qgr,29
qgs,21
qgt,17
qgv,0
qgw,0
qgx,0
qgz,0
qhb,14
qhc,3
qhd,25
qhf,0
qhg,6
qhh,2
qhj,0
qhk,0
qhl,37
qhm,6
qhn,34
qhp,16
qhq,0
qhr,22
qhs,21
qht,17
qhv,1
qhw,1
qhx,0
qhz,0
qjb,0
qjc,2
qjd,1
qjf,0
qjg,5
qjh,0
qjj,0
qjk,0
qjl,3
qjm,0
qjn,1
qjp,0
qjq,0
qjr,0
qjs,2
qjt,2
qjv,0
qjw,0
qjx,0
qjz,0
qkb,4
qkc,2
qkd,9
qkf,4
qkg,9
qkh,12
qkj,0
qkk,2
qkl,22
qkm,5
qkn,30
qkp,3
qkq,0
qkr,23
qks,25
qkt,9
qkv,7
qkw,1
qkx,0
qkz,0
qlb,57
qlc,82
qld,83
qlf,44
qlg,41
qlh,30
qlj,1
qlk,17
qll,200
qlm,48
qln,195
qlp,13
qlq,0
qlr,151
qls,115
qlt,227
qlv,26
qlw,5
qlx,1
qlz,22
qmb,8
qmc,19
qmd,14
qmf,10
qmg,7
qmh,19
qmj,0
qmk,1
qml,72
qmm,17
qmn,92
qmp,20
qmq,0
qmr,51
qms,77
qmt,80
qmv,5
qmw,0
qmx,1
qmz,2
qnb,45
qnc,195
qnd,129
qnf,16
qng,133
qnh,33
qnj,1
qnk,6
qnl,324
qnm,70
qnn,282
qnp,24
qnq,68
qnr,125
qns,241
qnt,462
qnv,37
qnw,5
qnx,13
qnz,16
qpb,5
qpc,31
qpd,40
qpf,10
qpg,4
qph,12
qpj,0
qpk,0
qpl,84
qpm,9
qpn,64
qpp,11
qpq,0
qpr,63
qps,30
qpt,80
qpv,2
qpw,0
qpx,1
qpz,0
qqb,9
qqc,16
qqd,18
qqf,7
qqg,5
qqh,1
qqj,1
qqk,0
qql,47
qqm,6
qqn,30
qqp,8
qqq,0
qqr,36
qqs,19
qqt,35
qqv,14
qqw,0
qqx,0
qqz,0
qrb,46
qrc,144
qrd,117
qrf,40
qrg,70
qrh,48
qrj,4
qrk,21
qrl,325
qrm,109
qrn,315
qrp,70
qrq,3
qrr,212
qrs,199
qrt,356
qrv,20
qrw,7
qrx,5
qrz,17
qsb,28
qsc,70
qsd,43
qsf,4
qsg,13
qsh,116
qsj,1
qsk,3
qsl,153
qsm,77
qsn,175
qsp,37
qsq,8
qsr,108
qss,185
qst,317
qsv,24
qsw,5
qsx,6
qsz,3
qtb,58
qtc,119
qtd,108
qtf,18
qtg,39
qth,44
qtj,1
qtk,6
qtl,354
qtm,62
qtn,391
qtp,28
qtq,1
qtr,299
qts,184
qtt,237
qtv,55
qtw,7
qtx,5
qtz,21
qvb,2
qvc,27
qvd,8
qvf,2
qvg,8
qvh,3
qvj,0
qvk,0
qvl,75
qvm,3
qvn,50
qvp,0
qvq,1
qvr,51
qvs,21
qvt,34
qvv,15
qvw,0
qvx,1
qvz,0
qwb,2
qwc,0
qwd,9
qwf,2
qwg,2
qwh,4
qwj,0
qwk,9
qwl,2
qwm,2
qwn,2
qwp,0
qwq,0
qwr,13
qws,10
qwt,6
qwv,0
qww,2
qwx,0
qwz,0
qxb,0
qxc,4
qxd,3
qxf,0
qxg,0
qxh,0
qxj,0
qxk,0
qxl,14
qxm,1
qxn,9
qxp,0
qxq,0
qxr,2
qxs,1
qxt,11
qxv,0
qxw,0
qxx,0
qxz,1
qzb,8
qzc,10
qzd,7
qzf,3
qzg,10
qzh,1
qzj,0
qzk,0
qzl,21
qzm,5
qzn,25
qzp,0
qzq,0
qzr,12
qzs,10
qzt,18
qzv,0
qzw,0
qzx,0
qzz,21
rbb,412
rbc,1060
rbd,970
rbf,117
rbg,385
rbh,471
rbj,27
rbk,242
rbl,5241
rbm,515
rbn,2254
rbp,162
rbq,16
rbr,2084
rbs,1669
rbt,2376
rbv,102
rbw,92
rbx,51
rbz,167
rcb,958
rcc,3050
rcd,2304
rcf,473
rcg,982
rch,4597
rcj,17
rck,1040
rcl,8401
rcm,2438
rcn,6201
rcp,2132
rcq,35
rcr,5044
rcs,5249
rct,8359
rcv,819
rcw,138
rcx,79
rcz,328
rdb,508
rdc,1957
rdd,1246
rdf,242
rdg,919
rdh,597
rdj,22
rdk,183
rdl,3266
rdm,1538
rdn,4123
rdp,635
rdq,24
rdr,2416
rds,3037
rdt,3187
rdv,324
rdw,165
rdx,98
rdz,167
rfb,209
rfc,977
rfd,520
rff,406
rfg,344
rfh,229
rfj,0
rfk,53
rfl,1951
rfm,741
rfn,1452
rfp,48
rfq,7
rfr,1844
rfs,1094
rft,1629
rfv,117
rfw,112
rfx,85
rfz,42
rgb,305
rgc,1552
rgd,927
rgf,206
rgg,677
rgh,1614
rgj,2
rgk,70
rgl,3259
rgm,1092
rgn,3772
rgp,877
rgq,9
rgr,2658
rgs,2436
rgt,3231
rgv,225
rgw,112
rgx,15
rgz,190
rhb,543
rhc,2842
rhd,2022
rhf,248
rhg,1135
rhh,1050
rhj,2
rhk,187
rhl,3407
rhm,1849
rhn,3253
rhp,1834
rhq,16
rhr,3473
rhs,3470
rht,3406
rhv,106
rhw,183
rhx,153
rhz,233
rjb,14
rjc,185
rjd,70
rjf,9
rjg,47
rjh,3
rjj,3
rjk,20
rjl,79
rjm,25
rjn,150
rjp,4
rjq,0
rjr,81
rjs,69
rjt,184
rjv,37
rjw,8
rjx,1
rjz,5
rkb,125
rkc,92
rkd,268
rkf,77
rkg,331
rkh,172
rkj,6
rkk,84
rkl,573
rkm,159
rkn,871
rkp,87
rkq,1
rkr,602
rks,507
rkt,394
rkv,9
rkw,94
rkx,4
rkz,10
rlb,540
rlc,2508
rld,1762
rlf,255
rlg,2217
rlh,773
rlj,3
rlk,787
rll,4980
rlm,1623
rln,5134
rlp,613
rlq,81
rlr,2923
rls,5536
rlt,5877
rlv,382
rlw,227
rlx,164
rlz,703
rmb,859
rmc,2721
rmd,1325
rmf,198
rmg,1066
rmh,1090
rmj,11
rmk,313
rml,3453
rmm,1255
rmn,5840
rmp,1490
rmq,11
rmr,3349
rms,3361
rmt,5971
rmv,269
rmw,70
rmx,111
rmz,285
rnb,909
rnc,5384
rnd,3696
rnf,645
rng,5519
rnh,2136
rnj,31
rnk,602
rnl,7018
rnm,2497
rnn,5403
rnp,1187
rnq,99
rnr,4193
rns,9228
rnt,10357
rnv,624
rnw,264
rnx,122
rnz,741
rpb,580
rpc,3337
rpd,1493
rpf,338
rpg,1029
rph,5077
rpj,2
rpk,126
rpl,4507
rpm,1242
rpn,3676
rpp,946
rpq,11
rpr,4227
rps,4013
rpt,5218
rpv,394
rpw,83
rpx,132
rpz,156
rqb,11
rqc,37
rqd,45
rqf,10
rqg,7
rqh,15
rqj,1
rqk,13
rql,115
rqm,29
rqn,164
rqp,3
rqq,1
rqr,93
rqs,133
rqt,201
rqv,7
rqw,0
rqx,2
rqz,16
rrb,1118
rrc,3767
rrd,2813
rrf,663
rrg,1697
rrh,2570
rrj,14
rrk,451
rrl,4898
rrm,2572
rrn,5860
rrp,2323
rrq,32
rrr,2782
rrs,5226
rrt,6616
rrv,826
rrw,323
rrx,179
rrz,378
rsb,1081
rsc,4166
rsd,1809
rsf,580
rsg,1108
rsh,3221
rsj,12
rsk,446
rsl,5539
rsm,3950
rsn,6249
rsp,3054
rsq,127
rsr,4236
rss,9132
rst,9733
rsv,850
rsw,280
rsx,79
rsz,190
rtb,1341
rtc,6038
rtd,3224
rtf,688
rtg,2003
rth,4358
rtj,8
rtk,380
rtl,8477
rtm,2999
rtn,10473
rtp,1786
rtq,35
rtr,8934
rts,6671
rtt,6495
rtv,1470
rtw,273
rtx,290
rtz,631
rvb,362
rvc,551
rvd,477
rvf,31
rvg,353
rvh,99
rvj,0
rvk,56
rvl,1797
rvm,234
rvn,1756
rvp,71
rvq,4
rvr,1175
rvs,1258
rvt,1445
rvv,158
rvw,53
rvx,8
rvz,67
rwb,81
rwc,64
rwd,650
rwf,52
rwg,229
rwh,256
rwj,0
rwk,221
rwl,449
rwm,201
rwn,631
rwp,62
rwq,2
rwr,951
rws,549
rwt,451
rwv,25
rww,39
rwx,3
rwz,14
rxb,17
rxc,130
rxd,89
rxf,0
rxg,35
rxh,25
rxj,0
rxk,1
rxl,242
rxm,89
rxn,287
rxp,48
rxq,6
rxr,122
rxs,208
rxt,241
rxv,20
rxw,0
rxx,1
rxz,16
rzb,95
rzc,89
rzd,230
rzf,11
rzg,85
rzh,32
rzj,0
rzk,6
rzl,290
rzm,76
rzn,830
rzp,38
rzq,2
rzr,247
rzs,103
rzt,639
rzv,4
rzw,7
rzx,3
rzz,50
sbb,442
sbc,1134
sbd,879
sbf,152
sbg,385
sbh,433
sbj,85
sbk,179
sbl,4165
sbm,546
sbn,1892
sbp,303
sbq,35
sbr,1814
sbs,1536
sbt,2080
sbv,219
sbw,52
sbx,43
sbz,92
scb,882
scc,2703
scd,1750
scf,555
scg,950
sch,2944
scj,17
sck,958
scl,6286
scm,1765
scn,4751
scp,2120
scq,16
scr,4882
scs,3512
sct,6044
scv,542
scw,180
scx,50
scz,317
sdb,245
sdc,1024
sdd,741
sdf,172
sdg,553
sdh,398
sdj,12
sdk,89
sdl,1886
sdm,860
sdn,2048
sdp,384
sdq,9
sdr,1639
sds,1559
sdt,1507
sdv,143
sdw,144
sdx,34
sdz,87
sfb,133
sfc,647
sfd,324
sff,453
sfg,214
sfh,167
sfj,0
sfk,47
sfl,1256
sfm,385
sfn,852
sfp,37
sfq,2
sfr,1036
sfs,675
sft,898
sfv,52
sfw,75
sfx,49
sfz,22
sgb,159
sgc,844
sgd,442
sgf,151
sgg,489
sgh,832
sgj,0
sgk,49
sgl,1835
sgm,568
sgn,1838
sgp,437
sgq,1
sgr,1396
sgs,1300
sgt,1549
sgv,88
sgw,61
sgx,7
sgz,58
shb,565
shc,1860
shd,1638
shf,386
shg,1136
shh,800
shj,3
shk,474
shl,3147
shm,1471
shn,3211
shp,1910
shq,6
shr,3324
shs,2570
sht,2732
shv,174
shw,383
shx,76
shz,246
sjb,15
sjc,114
sjd,37
sjf,5
sjg,27
sjh,4
sjj,3
sjk,20
sjl,46
sjm,12
sjn,101
sjp,2
sjq,0
sjr,35
sjs,31
sjt,127
sjv,29
sjw,0
sjx,0
sjz,1
skb,117
skc,108
skd,276
skf,85
skg,349
skh,185
skj,13
skk,135
skl,632
skm,131
skn,795
skp,169
skq,0
skr,619
sks,381
skt,393
skv,12
skw,102
skx,4
skz,13
slb,690
slc,2331
sld,1852
slf,559
slg,1802
slh,1267
slj,8
slk,789
sll,4255
slm,1478
sln,4485
slp,1146
slq,55
slr,3238
sls,4159
slt,4896
slv,560
slw,320
slx,107
slz,474
smb,669
smc,2017
smd,1045
smf,263
smg,822
smh,1004
smj,10
smk,283
sml,2614
smm,1057
smn,3806
smp,1170
smq,37
smr,2501
sms,2307
smt,3993
smv,201
smw,66
smx,81
smz,200
snb,668
snc,3209
snd,2494
snf,561
sng,3967
snh,1278
snj,23
snk,486
snl,4608
snm,1402
snn,3508
snp,767
snq,30
snr,2933
sns,6644
snt,6537
snv,321
snw,255
snx,93
snz,418
spb,687
spc,3320
spd,2071
spf,682
spg,1443
sph,3493
spj,22
spk,427
spl,4896
spm,1696
spn,4663
spp,1333
spq,28
spr,6045
sps,3735
spt,5104
spv,417
spw,233
spx,170
spz,217
sqb,41
sqc,89
sqd,108
sqf,32
sqg,56
sqh,75
sqj,0
sqk,28
sql,275
sqm,127
sqn,239
sqp,37
sqq,10
sqr,256
sqs,215
sqt,300
sqv,16
sqw,21
sqx,6
sqz,24
srb,1385
src,4104
srd,2991
srf,927
srg,2262
srh,2173
srj,27
srk,696
srl,5581
srm,3027
srn,6411
srp,2471
srq,49
srr,3523
srs,5118
srt,6763
srv,899
srw,411
srx,174
srz,401
ssb,727
ssc,1951
ssd,1062
ssf,305
ssg,617
ssh,1573
ssj,4
ssk,223
ssl,3351
ssm,2120
ssn,3686
ssp,1300
ssq,84
ssr,2322
sss,6214
sst,4774
ssv,539
ssw,114
ssx,41
ssz,158
stb,1351
stc,6565
std,3188
stf,888
stg,2509
sth,3491
stj,17
stk,812
stl,8294
stm,3597
stn,9177
stp,2060
stq,36
str,10347
sts,5714
stt,7091
stv,1018
stw,455
stx,173
stz,537
svb,150
svc,211
svd,218
svf,29
svg,199
svh,61
svj,1
svk,33
svl,894
svm,100
svn,870
svp,34
svq,3
svr,705
svs,629
svt,624
svv,56
svw,25
svx,5
svz,39
swb,135
swc,85
swd,525
swf,73
swg,247
swh,266
swj,3
swk,232
swl,422
swm,239
swn,545
swp,128
swq,0
swr,877
sws,457
swt,425
swv,23
sww,68
swx,4
swz,10
sxb,13
sxc,70
sxd,71
sxf,13
sxg,40
sxh,31
sxj,0
sxk,3
sxl,202
sxm,43
sxn,193
sxp,55
sxq,3
sxr,106
sxs,107
sxt,214
sxv,10
sxw,1
sxx,2
sxz,14
szb,45
szc,61
szd,119
szf,4
szg,58
szh,25
szj,0
szk,7
szl,115
szm,37
szn,322
szp,23
szq,1
szr,130
szs,50
szt,271
szv,0
szw,3
szx,3
szz,22
tbb,124
tbc,652
tbd,461
tbf,67
tbg,214
tbh,317
tbj,7
tbk,166
tbl,3838
tbm,325
tbn,1161
tbp,102
tbq,2
tbr,1297
tbs,998
tbt,1332
tbv,36
tbw,51
tbx,29
tbz,57
tcb,425
tcc,1771
tcd,1164
tcf,176
tcg,548
tch,3374
tcj,5
tck,833
tcl,6218
tcm,1368
tcn,3229
tcp,1163
tcq,10
tcr,2899
tcs,3145
tct,4512
tcv,309
tcw,111
tcx,34
tcz,207
tdb,95
tdc,710
tdd,504
tdf,76
tdg,307
tdh,216
tdj,3
tdk,58
tdl,1507
tdm,704
tdn,1868
tdp,185
tdq,6
tdr,1143
tds,1398
tdt,1066
tdv,67
tdw,79
tdx,50
tdz,84
tfb,100
tfc,441
tfd,295
tff,235
tfg,166
tfh,110
tfj,0
tfk,40
tfl,1284
tfm,386
tfn,670
tfp,16
tfq,2
tfr,974
tfs,623
tft,679
tfv,34
tfw,68
tfx,41
tfz,16
tgb,165
tgc,1312
tgd,405
tgf,85
tgg,355
tgh,1327
tgj,1
tgk,40
tgl,2166
tgm,636
tgn,1908
tgp,885
tgq,1
tgr,1826
tgs,1500
tgt,1695
tgv,76
tgw,61
tgx,11
tgz,85
thb,649
thc,3898
thd,2319
thf,407
thg,1747
thh,1515
thj,10
thk,399
thl,4633
thm,2936
thn,4482
thp,2188
thq,25
thr,6006
ths,4440
tht,4118
thv,108
thw,397
thx,220
thz,323
tjb,5
tjc,55
tjd,8
tjf,1
tjg,24
tjh,1
tjj,3
tjk,7
tjl,24
tjm,8
tjn,52
tjp,2
tjq,0
tjr,26
tjs,15
tjt,67
tjv,8
tjw,0
tjx,1
tjz,3
tkb,71
tkc,60
tkd,139
tkf,39
tkg,258
tkh,99
tkj,6
tkk,69
tkl,287
tkm,65
tkn,544
tkp,53
tkq,0
tkr,433
tks,269
tkt,197
tkv,18
tkw,44
tkx,4
tkz,1
tlb,430
tlc,2435
tld,1477
tlf,223
tlg,2119
tlh,904
tlj,6
tlk,723
tll,4824
tlm,1711
tln,4075
tlp,808
tlq,49
tlr,2729
tls,4912
tlt,4826
tlv,165
tlw,215
tlx,97
tlz,599
tmb,538
tmc,1857
tmd,723
tmf,78
tmg,685
tmh,743
tmj,4
tmk,289
tml,2187
tmm,709
tmn,3464
tmp,1185
tmq,8
tmr,2497
tms,2164
tmt,3672
tmv,92
tmw,57
tmx,60
tmz,212
tnb,664
tnc,3292
tnd,2238
tnf,358
tng,4117
tnh,1226
tnj,11
tnk,412
tnl,5298
tnm,1812
tnn,3548
tnp,816
tnq,47
tnr,2973
tns,7417
tnt,6497
tnv,323
tnw,160
tnx,73
tnz,521
tpb,251
tpc,2278
tpd,910
tpf,232
tpg,677
tph,3417
tpj,2
tpk,88
tpl,2889
tpm,854
tpn,2048
tpp,676
tpq,3
tpr,2564
tps,2453
tpt,2874
tpv,123
tpw,52
tpx,93
tpz,108
tqb,3
tqc,11
tqd,17
tqf,1
tqg,7
tqh,1
tqj,0
tqk,8
tql,61
tqm,19
tqn,71
tqp,1
tqq,0
tqr,40
tqs,55
tqt,65
tqv,1
tqw,0
tqx,0
tqz,15
trb,1904
trc,8215
trd,4438
trf,1218
trg,3257
trh,4452
trj,67
trk,931
trl,9792
trm,5251
trn,10096
trp,5228
trq,126
trr,6429
trs,9211
trt,10384
trv,1108
trw,598
trx,451
trz,761
tsb,341
tsc,2400
tsd,704
tsf,297
tsg,466
tsh,1868
tsj,6
tsk,258
tsl,2716
tsm,3048
tsn,2764
tsp,1711
tsq,76
tsr,2051
tss,6636
tst,5750
tsv,281
tsw,105
tsx,47
tsz,69
ttb,641
ttc,4035
ttd,1948
ttf,309
ttg,1220
tth,2268
ttj,4
ttk,279
ttl,4993
ttm,1797
ttn,6208
ttp,1066
ttq,22
ttr,5807
tts,3828
ttt,3060
ttv,826
ttw,179
ttx,174
ttz,290
tvb,82
tvc,186
tvd,90
tvf,4
tvg,98
tvh,27
tvj,0
tvk,10
tvl,934
tvm,87
tvn,731
tvp,14
tvq,0
tvr,427
tvs,654
tvt,560
tvv,31
tvw,18
tvx,3
tvz,21
twb,41
twc,52
twd,485
twf,40
twg,167
twh,185
twj,0
twk,236
twl,346
twm,153
twn,466
twp,47
twq,0
twr,807
tws,466
twt,414
twv,25
tww,41
twx,7
twz,10
txb,25
txc,177
txd,97
txf,10
txg,40
txh,55
txj,0
txk,3
txl,205
txm,100
txn,282
txp,52
txq,0
txr,120
txs,182
txt,218
txv,7
txw,1
txx,1
txz,13
tzb,80
tzc,71
tzd,161
tzf,4
tzg,73
tzh,23
tzj,1
tzk,9
tzl,187
tzm,42
tzn,662
tzp,15
tzq,1
tzr,190
tzs,48
tzt,519
tzv,0
tzw,0
tzx,1
tzz,20
vbb,8
vbc,62
vbd,88
vbf,10
vbg,45
vbh,36
vbj,1
vbk,20
vbl,1073
vbm,44
vbn,285
vbp,11
vbq,3
vbr,283
vbs,226
vbt,318
vbv,10
vbw,13
vbx,2
vbz,16
vcb,128
vcc,261
vcd,205
vcf,63
vcg,85
vch,170
vcj,0
vck,55
vcl,993
vcm,181
vcn,718
vcp,125
vcq,1
vcr,630
vcs,486
vct,948
vcv,84
vcw,9
vcx,11
vcz,57
vdb,43
vdc,158
vdd,104
vdf,17
vdg,76
vdh,35
vdj,0
vdk,8
vdl,365
vdm,91
vdn,406
vdp,34
vdq,0
vdr,202
vds,301
vdt,306
vdv,40
vdw,10
vdx,1
vdz,24
vfb,17
vfc,88
vfd,63
vff,31
vfg,21
vfh,26
vfj,0
vfk,4
vfl,223
vfm,74
vfn,132
vfp,0
vfq,3
vfr,174
vfs,105
vft,150
vfv,13
vfw,20
vfx,8
vfz,5
vgb,49
vgc,99
vgd,110
vgf,26
vgg,51
vgh,113
vgj,0
vgk,12
vgl,473
vgm,81
vgn,486
vgp,54
vgq,1
vgr,332
vgs,291
vgt,405
vgv,22
vgw,10
vgx,2
vgz,23
vhb,18
vhc,54
vhd,134
vhf,20
vhg,49
vhh,22
vhj,0
vhk,13
vhl,134
vhm,55
vhn,172
vhp,101
vhq,0
vhr,141
vhs,113
vht,152
vhv,7
vhw,19
vhx,2
vhz,3
vjb,1
vjc,7
vjd,7
vjf,3
vjg,5
vjh,1
vjj,1
vjk,1
vjl,7
vjm,2
vjn,5
vjp,1
vjq,0
vjr,7
vjs,8
vjt,6
vjv,1
vjw,1
vjx,0
vjz,0
vkb,5
vkc,4
vkd,16
vkf,0
vkg,29
vkh,6
vkj,0
vkk,3
vkl,22
vkm,4
vkn,59
vkp,6
vkq,0
vkr,33
vks,17
vkt,19
vkv,4
vkw,2
vkx,0
vkz,1
vlb,124
vlc,426
vld,421
vlf,66
vlg,309
vlh,124
vlj,0
vlk,135
vll,1006
vlm,318
vln,1371
vlp,133
vlq,21
vlr,798
vls,1017
vlt,1482
vlv,205
vlw,52
vlx,17
vlz,216
vmb,35
vmc,105
vmd,64
vmf,27
vmg,55
vmh,39
vmj,1
vmk,33
vml,211
vmm,38
vmn,493
vmp,85
vmq,0
vmr,246
vms,168
vmt,495
vmv,15
vmw,3
vmx,4
vmz,24
vnb,123
vnc,769
vnd,465
vnf,88
vng,875
vnh,157
vnj,2
vnk,47
vnl,1251
vnm,271
vnn,819
vnp,88
vnq,23
vnr,748
vns,1783
vnt,1869
vnv,80
vnw,29
vnx,15
vnz,123
vpb,24
vpc,133
vpd,93
vpf,42
vpg,33
vph,88
vpj,0
vpk,10
vpl,212
vpm,71
vpn,257
vpp,55
vpq,0
vpr,348
vps,205
vpt,291
vpv,22
vpw,7
vpx,7
vpz,18
vqb,2
vqc,7
vqd,2
vqf,0
vqg,1
vqh,9
vqj,0
vqk,3
vql,16
vqm,4
vqn,17
vqp,0
vqq,0
vqr,5
vqs,20
vqt,16
vqv,0
vqw,0
vqx,0
vqz,1
vrb,628
vrc,1057
vrd,934
vrf,396
vrg,626
vrh,547
vrj,23
vrk,163
vrl,2021
vrm,699
vrn,1997
vrp,513
vrq,35
vrr,1444
vrs,2193
vrt,2209
vrv,236
vrw,256
vrx,74
vrz,139
vsb,163
vsc,560
vsd,232
vsf,83
vsg,140
vsh,372
vsj,0
vsk,57
vsl,908
vsm,447
vsn,898
vsp,248
vsq,13
vsr,601
vss,1556
vst,1280
vsv,117
vsw,44
vsx,5
vsz,37
vtb,228
vtc,468
vtd,390
vtf,82
vtg,220
vth,200
vtj,1
vtk,40
vtl,1206
vtm,305
vtn,1496
vtp,98
vtq,14
vtr,1257
vts,752
vtt,766
vtv,209
vtw,29
vtx,23
vtz,104
vvb,14
vvc,61
vvd,49
vvf,20
vvg,19
vvh,9
vvj,0
vvk,5
vvl,172
vvm,33
vvn,158
vvp,19
vvq,0
vvr,116
vvs,148
vvt,140
vvv,14
vvw,3
vvx,1
vvz,5
vwb,19
vwc,6
vwd,99
vwf,3
vwg,38
vwh,46
vwj,0
vwk,15
vwl,86
vwm,19
vwn,80
vwp,10
vwq,0
vwr,120
vws,82
vwt,61
vwv,4
vww,3
vwx,0
vwz,3
vxb,5
vxc,11
vxd,13
vxf,1
vxg,3
vxh,3
vxj,0
vxk,1
vxl,32
vxm,3
vxn,41
vxp,13
vxq,2
vxr,23
vxs,28
vxt,46
vxv,3
vxw,0
vxx,0
vxz,0
vzb,9
vzc,3
vzd,50
vzf,2
vzg,4
vzh,2
vzj,0
vzk,2
vzl,23
vzm,3
vzn,96
vzp,1
vzq,0
vzr,39
vzs,9
vzt,94
vzv,0
vzw,0
vzx,0
vzz,3
wbb,33
wbc,39
wbd,94
wbf,3
wbg,46
wbh,19
wbj,0
wbk,74
wbl,352
wbm,15
wbn,119
wbp,3
wbq,1
wbr,186
wbs,65
wbt,78
wbv,0
wbw,9
wbx,5
wbz,1
wcb,11
wcc,28
wcd,57
wcf,36
wcg,47
wch,241
wcj,1
wck,231
wcl,84
wcm,45
wcn,98
wcp,19
wcq,0
wcr,133
wcs,65
wct,103
wcv,6
wcw,30
wcx,0
wcz,2
wdb,81
wdc,48
wdd,199
wdf,52
wdg,186
wdh,107
wdj,4
wdk,65
wdl,370
wdm,158
wdn,390
wdp,55
wdq,1
wdr,340
wds,425
wdt,127
wdv,10
wdw,123
wdx,3
wdz,10
wfb,4
wfc,16
wfd,56
wff,35
wfg,29
wfh,54
wfj,0
wfk,24
wfl,255
wfm,29
wfn,93
wfp,3
wfq,0
wfr,96
wfs,90
wft,88
wfv,0
wfw,31
wfx,1
wfz,0
wgb,33
wgc,8
wgd,83
wgf,14
wgg,135
wgh,200
wgj,0
wgk,20
wgl,276
wgm,61
wgn,184
wgp,14
wgq,1
wgr,139
wgs,138
wgt,200
wgv,7
wgw,28
wgx,0
wgz,0
whb,99
whc,104
whd,338
whf,105
whg,181
whh,122
whj,3
whk,152
whl,531
whm,161
whn,484
whp,262
whq,0
whr,620
whs,445
wht,518
whv,34
whw,129
whx,1
whz,18
wjb,1
wjc,2
wjd,0
wjf,0
wjg,4
wjh,0
wjj,0
wjk,2
wjl,0
wjm,3
wjn,2
wjp,0
wjq,0
wjr,6
wjs,3
wjt,1
wjv,0
wjw,0
wjx,0
wjz,0
wkb,29
wkc,4
wkd,84
wkf,27
wkg,110
wkh,32
wkj,0
wkk,27
wkl,142
wkm,40
wkn,232
wkp,20
wkq,0
wkr,229
wks,118
wkt,55
wkv,2
wkw,29
wkx,1
wkz,1
wlb,64
wlc,54
wld,398
wlf,98
wlg,281
wlh,129
wlj,1
wlk,280
wll,596
wlm,149
wln,500
wlp,57
wlq,1
wlr,340
wls,481
wlt,277
wlv,22
wlw,120
wlx,1
wlz,16
wmb,35
wmc,15
wmd,44
wmf,11
wmg,84
wmh,72
wmj,0
wmk,92
wml,117
wmm,39
wmn,528
wmp,75
wmq,0
wmr,142
wms,136
wmt,155
wmv,8
wmw,8
wmx,0
wmz,7
wnb,97
wnc,125
wnd,543
wnf,78
wng,1053
wnh,203
wnj,2
wnk,188
wnl,524
wnm,116
wnn,459
wnp,76
wnq,2
wnr,451
wns,788
wnt,399
wnv,13
wnw,115
wnx,0
wnz,21
wpb,16
wpc,35
wpd,49
wpf,54
wpg,58
wph,38
wpj,1
wpk,31
wpl,80
wpm,20
wpn,120
wpp,78
wpq,0
wpr,178
wps,82
wpt,83
wpv,0
wpw,24
wpx,1
wpz,1
wqb,0
wqc,0
wqd,0
wqf,0
wqg,0
wqh,0
wqj,0
wqk,3
wql,0
wqm,0
wqn,0
wqp,0
wqq,0
wqr,0
wqs,0
wqt,0
wqv,0
wqw,1
wqx,0
wqz,0
wrb,146
wrc,115
wrd,1021
wrf,185
wrg,423
wrh,459
wrj,4
wrk,620
wrl,671
wrm,402
wrn,805
wrp,182
wrq,3
wrr,522
wrs,738
wrt,983
wrv,32
wrw,157
wrx,4
wrz,26
wsb,48
wsc,80
wsd,171
wsf,54
wsg,93
wsh,553
wsj,0
wsk,106
wsl,269
wsm,219
wsn,358
wsp,202
wsq,3
wsr,326
wss,755
wst,518
wsv,25
wsw,65
wsx,0
wsz,4
wtb,92
wtc,213
wtd,305
wtf,91
wtg,194
wth,684
wtj,2
wtk,107
wtl,398
wtm,103
wtn,476
wtp,64
wtq,1
wtr,671
wts,339
wtt,287
wtv,16
wtw,131
wtx,1
wtz,23
wvb,9
wvc,3
wvd,17
wvf,3
wvg,15
wvh,3
wvj,0
wvk,4
wvl,38
wvm,8
wvn,45
wvp,4
wvq,0
wvr,70
wvs,11
wvt,13
wvv,0
wvw,2
wvx,0
wvz,0
wwb,5
wwc,3
wwd,144
wwf,10
wwg,37
wwh,63
wwj,0
wwk,55
wwl,56
wwm,51
wwn,93
wwp,6
wwq,0
wwr,242
wws,104
wwt,75
wwv,0
www,17
wwx,3
wwz,0
wxb,5
wxc,2
wxd,6
wxf,1
wxg,6
wxh,4
wxj,0
wxk,6
wxl,8
wxm,3
wxn,15
wxp,0
wxq,0
wxr,12
wxs,2
wxt,5
wxv,0
wxw,6
wxx,0
wxz,0
wzb,1
wzc,1
wzd,20
wzf,0
wzg,7
wzh,2
wzj,0
wzk,4
wzl,23
wzm,4
wzn,27
wzp,1
wzq,0
wzr,26
wzs,12
wzt,9
wzv,0
wzw,0
wzx,0
wzz,17
xbb,7
xbc,45
xbd,20
xbf,0
xbg,5
xbh,13
xbj,0
xbk,4
xbl,349
xbm,19
xbn,100
xbp,4
xbq,0
xbr,73
xbs,77
xbt,113
xbv,2
xbw,1
xbx,1
xbz,10
xcb,123
xcc,164
xcd,146
xcf,7
xcg,86
xch,141
xcj,1
xck,2
xcl,503
xcm,134
xcn,411
xcp,117
xcq,2
xcr,341
xcs,292
xct,628
xcv,87
xcw,0
xcx,4
xcz,4
xdb,32
xdc,77
xdd,60
xdf,0
xdg,25
xdh,10
xdj,0
xdk,0
xdl,131
xdm,68
xdn,183
xdp,6
xdq,0
xdr,135
xds,95
xdt,161
xdv,6
xdw,0
xdx,2
xdz,35
xfb,4
xfc,25
xfd,13
xff,6
xfg,14
xfh,3
xfj,0
xfk,0
xfl,49
xfm,13
xfn,23
xfp,0
xfq,0
xfr,48
xfs,21
xft,36
xfv,2
xfw,1
xfx,1
xfz,0
xgb,31
xgc,71
xgd,26
xgf,2
xgg,23
xgh,59
xgj,0
xgk,0
xgl,143
xgm,30
xgn,166
xgp,38
xgq,0
xgr,108
xgs,91
xgt,144
xgv,6
xgw,0
xgx,0
xgz,12
xhb,59
xhc,121
xhd,111
xhf,2
xhg,42
xhh,49
xhj,0
xhk,1
xhl,207
xhm,96
xhn,203
xhp,58
xhq,5
xhr,197
xhs,164
xht,191
xhv,13
xhw,2
xhx,7
xhz,2
xjb,0
xjc,2
xjd,2
xjf,0
xjg,2
xjh,0
xjj,0
xjk,0
xjl,3
xjm,0
xjn,1
xjp,0
xjq,0
xjr,0
xjs,0
xjt,1
xjv,0
xjw,0
xjx,0
xjz,0
xkb,0
xkc,1
xkd,2
xkf,0
xkg,4
xkh,2
xkj,0
xkk,0
xkl,4
xkm,1
xkn,12
xkp,1
xkq,0
xkr,10
xks,4
xkt,7
xkv,0
xkw,0
xkx,0
xkz,0
xlb,55
xlc,190
xld,108
xlf,17
xlg,89
xlh,44
xlj,1
xlk,10
xll,385
xlm,120
xln,348
xlp,57
xlq,1
xlr,276
xls,278
xlt,429
xlv,48
xlw,1
xlx,5
xlz,18
xmb,42
xmc,129
xmd,45
xmf,10
xmg,19
xmh,33
xmj,0
xmk,6
xml,173
xmm,49
xmn,244
xmp,76
xmq,0
xmr,161
xms,124
xmt,265
xmv,13
xmw,0
xmx,2
xmz,12
xnb,87
xnc,254
xnd,174
xnf,10
xng,202
xnh,196
xnj,1
xnk,2
xnl,402
xnm,125
xnn,303
xnp,67
xnq,3
xnr,213
xns,481
xnt,600
xnv,39
xnw,1
xnx,5
xnz,37
xpb,113
xpc,205
xpd,193
xpf,21
xpg,83
xph,239
xpj,0
xpk,1
xpl,499
xpm,89
xpn,449
xpp,31
xpq,1
xpr,446
xps,356
xpt,504
xpv,80
xpw,2
xpx,5
xpz,6
xqb,1
xqc,0
xqd,0
xqf,0
xqg,0
xqh,0
xqj,0
xqk,0
xql,8
xqm,2
xqn,9
xqp,1
xqq,0
xqr,5
xqs,11
xqt,13
xqv,1
xqw,0
xqx,0
xqz,1
xrb,114
xrc,406
xrd,176
xrf,17
xrg,98
xrh,141
xrj,2
xrk,6
xrl,484
xrm,254
xrn,532
xrp,175
xrq,5
xrr,315
xrs,442
xrt,639
xrv,92
xrw,2
xrx,12
xrz,26
xsb,74
xsc,157
xsd,63
xsf,10
xsg,29
xsh,76
xsj,0
xsk,4
xsl,292
xsm,163
xsn,272
xsp,90
xsq,1
xsr,182
xss,380
xst,421
xsv,96
xsw,2
xsx,1
xsz,5
xtb,119
xtc,393
xtd,220
xtf,15
xtg,118
xth,257
xtj,2
xtk,2
xtl,690
xtm,209
xtn,939
xtp,160
xtq,5
xtr,921
xts,475
xtt,538
xtv,156
xtw,1
xtx,14
xtz,28
xvb,2
xvc,15
xvd,6
xvf,0
xvg,13
xvh,2
xvj,0
xvk,0
xvl,60
xvm,5
xvn,53
xvp,1
xvq,0
xvr,20
xvs,46
xvt,45
xvv,1
xvw,0
xvx,0
xvz,1
xwb,0
xwc,1
xwd,8
xwf,1
xwg,3
xwh,3
xwj,0
xwk,4
xwl,3
xwm,2
xwn,8
xwp,0
xwq,0
xwr,9
xws,2
xwt,4
xwv,0
xww,0
xwx,2
xwz,0
xxb,0
xxc,2
xxd,0
xxf,0
xxg,0
xxh,1
xxj,0
xxk,0
xxl,2
xxm,0
xxn,5
xxp,1
xxq,0
xxr,2
xxs,2
xxt,3
xxv,0
xxw,0
xxx,0
xxz,0
xzb,9
xzc,6
xzd,8
xzf,0
xzg,4
xzh,1
xzj,0
xzk,0
xzl,18
xzm,6
xzn,43
xzp,0
xzq,0
xzr,7
xzs,0
xzt,21
xzv,0
xzw,0
xzx,0
xzz,0
zbb,6
zbc,23
zbd,7
zbf,0
zbg,6
zbh,14
zbj,3
zbk,8
zbl,220
zbm,6
zbn,57
zbp,0
zbq,1
zbr,41
zbs,27
zbt,58
zbv,0
zbw,2
zbx,1
zbz,15
zcb,3
zcc,66
zcd,17
zcf,13
zcg,14
zch,78
zcj,0
zck,10
zcl,114
zcm,27
zcn,83
zcp,37
zcq,0
zcr,63
zcs,59
zct,96
zcv,2
zcw,0
zcx,2
zcz,4
zdb,3
zdc,23
zdd,22
zdf,3
zdg,6
zdh,13
zdj,0
zdk,8
zdl,66
zdm,28
zdn,65
zdp,7
zdq,0
zdr,41
zds,48
zdt,20
zdv,0
zdw,0
zdx,9
zdz,12
zfb,0
zfc,11
zfd,8
zff,5
zfg,4
zfh,0
zfj,0
zfk,1
zfl,26
zfm,11
zfn,23
zfp,0
zfq,1
zfr,35
zfs,11
zft,12
zfv,4
zfw,0
zfx,1
zfz,0
zgb,15
zgc,98
zgd,24
zgf,4
zgg,28
zgh,59
zgj,0
zgk,3
zgl,117
zgm,61
zgn,95
zgp,62
zgq,0
zgr,93
zgs,104
zgt,103
zgv,1
zgw,3
zgx,5
zgz,10
zhb,4
zhc,69
zhd,39
zhf,1
zhg,18
zhh,20
zhj,0
zhk,6
zhl,100
zhm,36
zhn,101
zhp,28
zhq,0
zhr,86
zhs,73
zht,56
zhv,3
zhw,2
zhx,4
zhz,15
zjb,0
zjc,0
zjd,0
zjf,0
zjg,0
zjh,0
zjj,0
zjk,0
zjl,0
zjm,1
zjn,3
zjp,0
zjq,0
zjr,1
zjs,1
zjt,0
zjv,0
zjw,0
zjx,0
zjz,0
zkb,0
zkc,1
zkd,0
zkf,0
zkg,2
zkh,0
zkj,0
zkk,1
zkl,4
zkm,0
zkn,8
zkp,1
zkq,0
zkr,10
zks,6
zkt,17
zkv,0
zkw,0
zkx,0
zkz,0
zlb,5
zlc,84
zld,58
zlf,5
zlg,73
zlh,27
zlj,0
zlk,28
zll,109
zlm,36
zln,142
zlp,15
zlq,0
zlr,54
zls,100
zlt,160
zlv,6
zlw,4
zlx,5
zlz,14
zmb,21
zmc,110
zmd,26
zmf,3
zmg,19
zmh,40
zmj,0
zmk,6
zml,52
zmm,24
zmn,107
zmp,25
zmq,1
zmr,70
zms,69
zmt,154
zmv,1
zmw,2
zmx,4
zmz,10
znb,10
znc,142
znd,97
znf,16
zng,182
znh,73
znj,1
znk,16
znl,168
znm,68
znn,119
znp,30
znq,2
znr,97
zns,169
znt,252
znv,1
znw,8
znx,5
znz,39
zpb,2
zpc,69
zpd,24
zpf,5
zpg,28
zph,190
zpj,0
zpk,5
zpl,91
zpm,23
zpn,85
zpp,25
zpq,0
zpr,98
zps,75
zpt,77
zpv,2
zpw,0
zpx,4
zpz,9
zqb,0
zqc,0
zqd,0
zqf,0
zqg,0
zqh,0
zqj,0
zqk,0
zql,3
zqm,1
zqn,7
zqp,0
zqq,1
zqr,0
zqs,0
zqt,0
zqv,0
zqw,0
zqx,2
zqz,0
zrb,17
zrc,107
zrd,97
zrf,16
zrg,27
zrh,78
zrj,3
zrk,21
zrl,95
zrm,56
zrn,172
zrp,76
zrq,2
zrr,44
zrs,98
zrt,103
zrv,4
zrw,3
zrx,9
zrz,22
zsb,1
zsc,40
zsd,6
zsf,6
zsg,15
zsh,57
zsj,0
zsk,6
zsl,39
zsm,77
zsn,39
zsp,65
zsq,3
zsr,42
zss,133
zst,114
zsv,3
zsw,0
zsx,0
zsz,3
ztb,7
ztc,166
ztd,39
ztf,9
ztg,11
zth,126
ztj,0
ztk,5
ztl,122
ztm,68
ztn,1033
ztp,35
ztq,1
ztr,126
zts,92
ztt,82
ztv,1
ztw,4
ztx,11
ztz,43
zvb,0
zvc,2
zvd,2
zvf,0
zvg,0
zvh,3
zvj,0
zvk,2
zvl,1
zvm,0
zvn,10
zvp,0
zvq,0
zvr,5
zvs,4
zvt,4
zvv,0
zvw,0
zvx,0
zvz,0
zwb,1
zwc,3
zwd,12
zwf,0
zwg,5
zwh,2
zwj,0
zwk,2
zwl,1
zwm,0
zwn,5
zwp,0
zwq,0
zwr,12
zws,4
zwt,10
zwv,0
zww,0
zwx,0
zwz,2
zxb,2
zxc,7
zxd,4
zxf,0
zxg,0
zxh,7
zxj,0
zxk,0
zxl,16
zxm,8
zxn,22
zxp,5
zxq,0
zxr,6
zxs,9
zxt,10
zxv,0
zxw,0
zxx,0
zxz,8
zzb,8
zzc,16
zzd,53
zzf,5
zzg,32
zzh,8
zzj,0
zzk,3
zzl,151
zzm,24
zzn,119
zzp,8
zzq,1
zzr,58
zzs,30
zzt,48
zzv,0
zzw,4
zzx,0
zzz,1
